mean_fit_time,std_fit_time,mean_score_time,std_score_time,param_activation,param_alpha,param_batch_size,param_hidden_layer_sizes,param_learning_rate_init,param_max_iter,param_solver,params,split0_test_score,split1_test_score,split2_test_score,split3_test_score,split4_test_score,mean_test_score,std_test_score,rank_test_score,split0_train_score,split1_train_score,split2_train_score,split3_train_score,split4_train_score,mean_train_score,std_train_score
11.675799083709716,2.2292773713104523,0.0034010887145996095,0.0008007052400215012,relu,0.001,32,"(50,)",0.001,500,adam,"{'activation': 'relu', 'alpha': 0.001, 'batch_size': 32, 'hidden_layer_sizes': (50,), 'learning_rate_init': 0.001, 'max_iter': 500, 'solver': 'adam'}",0.6969292389853138,0.7100893997445722,0.7313432835820896,0.7006369426751592,0.6959896507115135,0.7069977031397296,0.01315504722416888,111,0.8104065040650407,0.8308963763509218,0.8218497827436375,0.835915270312994,0.8365758754863813,0.8271287617917951,0.009880760414953577
14.013562965393067,2.3006164838097387,0.006000423431396484,0.005098537976239304,relu,0.001,32,"(50,)",0.001,500,sgd,"{'activation': 'relu', 'alpha': 0.001, 'batch_size': 32, 'hidden_layer_sizes': (50,), 'learning_rate_init': 0.001, 'max_iter': 500, 'solver': 'sgd'}",0.7308192457737321,0.7462311557788944,0.7344345616264295,0.7325428194993412,0.7355163727959698,0.7359088310948734,0.005405770873182619,70,0.7852604828462516,0.7913209955328654,0.782608695652174,0.7904458598726115,0.7926829268292683,0.7884637921466341,0.0038584102053622143
16.069560384750368,3.8110418873480296,0.004398632049560547,0.0010200489008696607,relu,0.001,32,"(100,)",0.001,500,adam,"{'activation': 'relu', 'alpha': 0.001, 'batch_size': 32, 'hidden_layer_sizes': (100,), 'learning_rate_init': 0.001, 'max_iter': 500, 'solver': 'adam'}",0.6887755102040817,0.7116104868913857,0.6837387964148528,0.688039457459926,0.7139423076923077,0.6972213117325108,0.012837883768532957,121,0.9057902973395932,0.8746101060511541,0.8859364873622813,0.8999695956217695,0.8802667474992422,0.889314646774808,0.01178537192179437
18.01385087966919,0.4895369519591731,0.003407144546508789,0.0004847630209436433,relu,0.001,32,"(100,)",0.001,500,sgd,"{'activation': 'relu', 'alpha': 0.001, 'batch_size': 32, 'hidden_layer_sizes': (100,), 'learning_rate_init': 0.001, 'max_iter': 500, 'solver': 'sgd'}",0.7335092348284961,0.7412060301507538,0.7299077733860343,0.7256176853055917,0.7220125786163522,0.7304506604574456,0.006631537601050205,86,0.7950872656755009,0.8,0.7916257769054629,0.8028124001278364,0.8029197080291971,0.7984890301475995,0.004456045577879249
12.77800269126892,1.6363175539131787,0.004000091552734375,0.0008956423926855965,relu,0.001,32,"(100, 50)",0.001,500,adam,"{'activation': 'relu', 'alpha': 0.001, 'batch_size': 32, 'hidden_layer_sizes': (100, 50), 'learning_rate_init': 0.001, 'max_iter': 500, 'solver': 'adam'}",0.6600985221674877,0.6946847960444994,0.7066167290886392,0.6724351050679852,0.6877370417193426,0.6843144388175908,0.016396218225616137,147,0.9411407766990292,0.9460297766749379,0.9463840399002493,0.9446313857448762,0.9439454939609786,0.9444262945960142,0.0018693197123598351
28.63826518058777,0.28931242081552755,0.003394746780395508,0.00048257724064829804,relu,0.001,32,"(100, 50)",0.001,500,sgd,"{'activation': 'relu', 'alpha': 0.001, 'batch_size': 32, 'hidden_layer_sizes': (100, 50), 'learning_rate_init': 0.001, 'max_iter': 500, 'solver': 'sgd'}",0.6710013003901171,0.700834326579261,0.6950182260024301,0.6759142496847415,0.6836086404066074,0.6852753486126314,0.01123531928553125,145,0.9125964010282777,0.916590284142988,0.9247842170160296,0.9192235441452724,0.923909582935371,0.9194208058535878,0.004550572833013616
22.4894052028656,5.533189254014805,0.00720510482788086,0.0011614907774987085,relu,0.001,32,"(250, 100)",0.001,500,adam,"{'activation': 'relu', 'alpha': 0.001, 'batch_size': 32, 'hidden_layer_sizes': (250, 100), 'learning_rate_init': 0.001, 'max_iter': 500, 'solver': 'adam'}",0.6553966189856957,0.6780905752753978,0.6928746928746928,0.6762402088772846,0.67,0.6745204192026142,0.0121551386453851,172,0.943217665615142,0.9419315403422983,0.9463233012721067,0.9453295845048423,0.9445662386470404,0.9442736660762859,0.0015493390074876078
81.90500688552856,2.825638024547538,0.005202198028564453,0.00040036034383220896,relu,0.001,32,"(250, 100)",0.001,500,sgd,"{'activation': 'relu', 'alpha': 0.001, 'batch_size': 32, 'hidden_layer_sizes': (250, 100), 'learning_rate_init': 0.001, 'max_iter': 500, 'solver': 'sgd'}",0.6277777777777778,0.7052896725440806,0.7224242424242424,0.6606451612903226,0.676923076923077,0.6786119861919,0.03328960408874345,164,0.9275647328744674,0.9425867507886435,0.9470786173141633,0.9392508655964746,0.9440603394091767,0.9401082611965851,0.006759037316735288
39.888048553466795,8.964383097158725,0.010007095336914063,0.002970770117770023,relu,0.001,32,"(200, 150, 100)",0.001,500,adam,"{'activation': 'relu', 'alpha': 0.001, 'batch_size': 32, 'hidden_layer_sizes': (200, 150, 100), 'learning_rate_init': 0.001, 'max_iter': 500, 'solver': 'adam'}",0.6727748691099477,0.7007481296758105,0.6865671641791045,0.6860759493670886,0.6551724137931034,0.6802677052250109,0.015354366896181441,160,0.9484340398608035,0.9492369978199938,0.9482596425211665,0.9485500467726847,0.9397439900093663,0.9468449433968031,0.0035659344380084487
58.7383780002594,3.4704505898435403,0.00600581169128418,0.0006414211222080704,relu,0.001,32,"(200, 150, 100)",0.001,500,sgd,"{'activation': 'relu', 'alpha': 0.001, 'batch_size': 32, 'hidden_layer_sizes': (200, 150, 100), 'learning_rate_init': 0.001, 'max_iter': 500, 'solver': 'sgd'}",0.6844207723035952,0.6921052631578948,0.7160194174757282,0.6566347469220246,0.6819923371647509,0.6862345074047986,0.019073741662538817,143,0.9264426125554851,0.9248554913294798,0.9346826126954921,0.931950745301361,0.93752002563281,0.9310902975029256,0.0048054195669453665
7.770997047424316,0.8400726016250134,0.0022061347961425783,0.0004110098265461938,relu,0.001,64,"(50,)",0.001,500,adam,"{'activation': 'relu', 'alpha': 0.001, 'batch_size': 64, 'hidden_layer_sizes': (50,), 'learning_rate_init': 0.001, 'max_iter': 500, 'solver': 'adam'}",0.7154255319148937,0.6977950713359273,0.711168164313222,0.7208121827411168,0.7176913425345044,0.7125784585679329,0.008032173937297011,104,0.806914546640574,0.8208279430789134,0.8280295724847316,0.8336987159411212,0.822627037392138,0.8224195631074955,0.00896296077633548
3.7094640254974367,0.5489757968973693,0.0024062633514404298,0.00048512376677109845,relu,0.001,64,"(50,)",0.001,500,sgd,"{'activation': 'relu', 'alpha': 0.001, 'batch_size': 64, 'hidden_layer_sizes': (50,), 'learning_rate_init': 0.001, 'max_iter': 500, 'solver': 'sgd'}",0.735873850197109,0.7634543178973717,0.7312101910828025,0.72870249017038,0.7225806451612903,0.7363642989017907,0.014208215369970656,68,0.7596552824768592,0.7620269403463759,0.7666131621187801,0.7587311759051586,0.7666666666666667,0.762738645502768,0.0033619843434117905
10.085860061645509,0.8403440674301232,0.002992534637451172,2.2985628437796096e-05,relu,0.001,64,"(100,)",0.001,500,adam,"{'activation': 'relu', 'alpha': 0.001, 'batch_size': 64, 'hidden_layer_sizes': (100,), 'learning_rate_init': 0.001, 'max_iter': 500, 'solver': 'adam'}",0.7007672634271099,0.7170731707317073,0.6995073891625616,0.6934673366834171,0.7165259348612787,0.705468218973215,0.009577052122544647,113,0.8720856962822936,0.8831960963708447,0.8801004394224733,0.8964662120272784,0.8899725693386162,0.8843642026883012,0.008345277414721835
6.140402364730835,1.0116552344031868,0.0027998924255371095,0.0004000190756915657,relu,0.001,64,"(100,)",0.001,500,sgd,"{'activation': 'relu', 'alpha': 0.001, 'batch_size': 64, 'hidden_layer_sizes': (100,), 'learning_rate_init': 0.001, 'max_iter': 500, 'solver': 'sgd'}",0.7356020942408377,0.7617866004962779,0.748730964467005,0.7329842931937173,0.7320754716981132,0.7422358848191902,0.011465161690536206,11,0.76736,0.762906309751434,0.763275751759437,0.7710920089143585,0.7718740057270124,0.7673016152304484,0.0037630714809710293
7.520196056365966,1.1295874669971724,0.003412818908691406,0.0005037251767905943,relu,0.001,64,"(100, 50)",0.001,500,adam,"{'activation': 'relu', 'alpha': 0.001, 'batch_size': 64, 'hidden_layer_sizes': (100, 50), 'learning_rate_init': 0.001, 'max_iter': 500, 'solver': 'adam'}",0.6748768472906403,0.6867627785058977,0.6884816753926701,0.690176322418136,0.6580310880829016,0.6796657423380491,0.012079343294451898,162,0.9473035439137134,0.9408740359897172,0.9351403678606002,0.9480236539060068,0.9424920127795527,0.942766722889918,0.004691206435236012
16.176633214950563,0.0601207007025397,0.003606748580932617,0.000508529635521896,relu,0.001,64,"(100, 50)",0.001,500,sgd,"{'activation': 'relu', 'alpha': 0.001, 'batch_size': 64, 'hidden_layer_sizes': (100, 50), 'learning_rate_init': 0.001, 'max_iter': 500, 'solver': 'sgd'}",0.7186261558784677,0.7313432835820896,0.7322121604139715,0.7049608355091384,0.7146464646464646,0.7203577800060262,0.010333355396692116,96,0.8328539469479067,0.8260173021467478,0.8308186195826646,0.8350383631713555,0.8408731414109459,0.8331202746519242,0.00489094615518481
15.630949354171753,1.3542391503445368,0.004211997985839844,0.0003942370874326385,relu,0.001,64,"(250, 100)",0.001,500,adam,"{'activation': 'relu', 'alpha': 0.001, 'batch_size': 64, 'hidden_layer_sizes': (250, 100), 'learning_rate_init': 0.001, 'max_iter': 500, 'solver': 'adam'}",0.6734955185659411,0.7250308261405672,0.7037974683544304,0.6751269035532995,0.6707920792079208,0.6896485591644318,0.021351639216942886,135,0.9477961863082213,0.942839582052858,0.9403973509933775,0.9482491478153083,0.947139303482587,0.9452843141304704,0.003111265007908724
58.500968074798585,0.3840457934198534,0.004810523986816406,0.0004059642809633064,relu,0.001,64,"(250, 100)",0.001,500,sgd,"{'activation': 'relu', 'alpha': 0.001, 'batch_size': 64, 'hidden_layer_sizes': (250, 100), 'learning_rate_init': 0.001, 'max_iter': 500, 'solver': 'sgd'}",0.7103538663171691,0.7227101631116688,0.7177522349936143,0.6930422919508867,0.7100130039011704,0.7107743120549019,0.010063168990734934,105,0.881795195954488,0.8767123287671232,0.8835725677830941,0.8752411575562701,0.8754448398576512,0.8785532179837252,0.0034561517770175187
23.75481162071228,5.6232617614985125,0.00579833984375,0.0007403948228542754,relu,0.001,64,"(200, 150, 100)",0.001,500,adam,"{'activation': 'relu', 'alpha': 0.001, 'batch_size': 64, 'hidden_layer_sizes': (200, 150, 100), 'learning_rate_init': 0.001, 'max_iter': 500, 'solver': 'adam'}",0.7023661270236613,0.7091136079900124,0.6843434343434344,0.6851385390428212,0.6781326781326781,0.6918188773065215,0.011816711900085645,129,0.9485362095531588,0.9491315136476427,0.9466034755134282,0.950778816199377,0.944375,0.9478850029827214,0.0022051960167432006
70.1769127368927,4.320004810726994,0.005805873870849609,0.0007492859185546485,relu,0.001,64,"(200, 150, 100)",0.001,500,sgd,"{'activation': 'relu', 'alpha': 0.001, 'batch_size': 64, 'hidden_layer_sizes': (200, 150, 100), 'learning_rate_init': 0.001, 'max_iter': 500, 'solver': 'sgd'}",0.6726804123711341,0.6897374701670644,0.6666666666666666,0.6727989487516426,0.6842767295597484,0.6772320455032512,0.00846179839534401,168,0.9359296482412061,0.9391462306993642,0.9360613810741688,0.9352884921899904,0.9439193446754883,0.9380690193760437,0.003216381264107992
6.0496227741241455,0.3851436852770272,0.002601289749145508,0.000490779478834905,relu,0.001,128,"(50,)",0.001,500,adam,"{'activation': 'relu', 'alpha': 0.001, 'batch_size': 128, 'hidden_layer_sizes': (50,), 'learning_rate_init': 0.001, 'max_iter': 500, 'solver': 'adam'}",0.6926174496644295,0.7272727272727273,0.720098643649815,0.7069408740359897,0.7268106734434562,0.7147480736132835,0.013279448371623091,100,0.8079077429983526,0.8187282505536223,0.817783343769568,0.8230116315624018,0.8028396256857051,0.8140541189139299,0.00747709104823667
1.4705899715423585,0.17687789739366244,0.0028000354766845705,0.0004002102364739054,relu,0.001,128,"(50,)",0.001,500,sgd,"{'activation': 'relu', 'alpha': 0.001, 'batch_size': 128, 'hidden_layer_sizes': (50,), 'learning_rate_init': 0.001, 'max_iter': 500, 'solver': 'sgd'}",0.7450980392156863,0.7628607277289837,0.7373737373737373,0.7311258278145696,0.7298701298701299,0.7412656924006213,0.012073569862184528,20,0.7471819645732689,0.746606334841629,0.7512100677637947,0.7482246610716591,0.7524943675571291,0.7491434791614962,0.002307730874821071
7.662604093551636,0.019366888614292,0.0028067111968994142,0.00040299686984168363,relu,0.001,128,"(100,)",0.001,500,adam,"{'activation': 'relu', 'alpha': 0.001, 'batch_size': 128, 'hidden_layer_sizes': (100,), 'learning_rate_init': 0.001, 'max_iter': 500, 'solver': 'adam'}",0.722860791826309,0.7011642949547219,0.7034120734908137,0.6921052631578948,0.7070707070707071,0.7053226261000893,0.010062640373711303,114,0.8649507467429298,0.8674928503336511,0.8550531914893617,0.8687196110210696,0.8692332166719695,0.8650899232517963,0.00523203453353395
1.9143945217132567,0.126007275504465,0.002806234359741211,0.00038900430893910984,relu,0.001,128,"(100,)",0.001,500,sgd,"{'activation': 'relu', 'alpha': 0.001, 'batch_size': 128, 'hidden_layer_sizes': (100,), 'learning_rate_init': 0.001, 'max_iter': 500, 'solver': 'sgd'}",0.7322834645669292,0.7643312101910829,0.7414880201765448,0.72870249017038,0.7337579617834394,0.7401126293776752,0.012808592858406275,35,0.7531140210795273,0.7452739506568408,0.7513634905357716,0.7538461538461538,0.7558851983231216,0.751896562888283,0.003614843866159372
9.226800012588502,0.7095589244056749,0.0030107975006103517,1.5429495556760165e-05,relu,0.001,128,"(100, 50)",0.001,500,adam,"{'activation': 'relu', 'alpha': 0.001, 'batch_size': 128, 'hidden_layer_sizes': (100, 50), 'learning_rate_init': 0.001, 'max_iter': 500, 'solver': 'adam'}",0.6597671410090556,0.7099143206854345,0.6938271604938272,0.6544980443285529,0.6560587515299877,0.6748130836093715,0.022735162834230934,171,0.9446377728566909,0.9467564259485924,0.9444614912549862,0.9404648201209805,0.9453978159126365,0.9443436652187774,0.002101355257679754
15.9608078956604,0.13489389312434047,0.003219890594482422,0.0004068550118597542,relu,0.001,128,"(100, 50)",0.001,500,sgd,"{'activation': 'relu', 'alpha': 0.001, 'batch_size': 128, 'hidden_layer_sizes': (100, 50), 'learning_rate_init': 0.001, 'max_iter': 500, 'solver': 'sgd'}",0.7329842931937173,0.7521793275217933,0.7544757033248082,0.7409326424870466,0.7219387755102041,0.7405021484075138,0.012107179973770097,33,0.7838010204081632,0.780549415850963,0.779866199426569,0.7896070975918885,0.7858520900321544,0.7839351646619477,0.0035744424408659056
10.053688859939575,0.4307346524473409,0.005000638961791992,0.0006414458824539446,relu,0.001,128,"(250, 100)",0.001,500,adam,"{'activation': 'relu', 'alpha': 0.001, 'batch_size': 128, 'hidden_layer_sizes': (250, 100), 'learning_rate_init': 0.001, 'max_iter': 500, 'solver': 'adam'}",0.6693017127799736,0.7025703794369645,0.6967418546365914,0.675776397515528,0.6958637469586375,0.688050818265539,0.013035213736907615,139,0.9452830188679245,0.9450076804915515,0.9468448865402549,0.944256236526024,0.944945567651633,0.9452674780154776,0.000858159607289457
36.26796770095825,1.300666252109938,0.004805850982666016,0.00040339807523708275,relu,0.001,128,"(250, 100)",0.001,500,sgd,"{'activation': 'relu', 'alpha': 0.001, 'batch_size': 128, 'hidden_layer_sizes': (250, 100), 'learning_rate_init': 0.001, 'max_iter': 500, 'solver': 'sgd'}",0.7362924281984334,0.7466007416563659,0.7407407407407407,0.7450980392156863,0.7178841309823678,0.7373232161587188,0.010364751646883469,59,0.7980891719745223,0.7982373308152345,0.797050336646361,0.8026523523839596,0.8008920038228735,0.7993842391285902,0.002068507531172833
13.400103998184203,1.7003185408655415,0.006211376190185547,0.00039358341234083853,relu,0.001,128,"(200, 150, 100)",0.001,500,adam,"{'activation': 'relu', 'alpha': 0.001, 'batch_size': 128, 'hidden_layer_sizes': (200, 150, 100), 'learning_rate_init': 0.001, 'max_iter': 500, 'solver': 'adam'}",0.6479250334672021,0.6979038224414303,0.709838107098381,0.6683229813664596,0.6966292134831461,0.6841238315713237,0.022660611388052563,148,0.9462639109697933,0.9495073891625616,0.9480236539060068,0.9503676470588235,0.9466034755134282,0.9481532153221226,0.0015953335248508947
56.709574842453,0.18685868425205793,0.005802536010742187,0.0004012885878530158,relu,0.001,128,"(200, 150, 100)",0.001,500,sgd,"{'activation': 'relu', 'alpha': 0.001, 'batch_size': 128, 'hidden_layer_sizes': (200, 150, 100), 'learning_rate_init': 0.001, 'max_iter': 500, 'solver': 'sgd'}",0.7142857142857143,0.7166454891994918,0.703751617076326,0.699468085106383,0.7016645326504481,0.7071630876636726,0.006953172686507973,110,0.8875628140703518,0.8975175047740293,0.8888168557536467,0.8992346938775511,0.8949888285987871,0.8936241394148732,0.004655075357045815
8.949999856948853,1.6370137098872355,0.0025999069213867186,0.0004899403856509721,relu,0.01,32,"(50,)",0.001,500,adam,"{'activation': 'relu', 'alpha': 0.01, 'batch_size': 32, 'hidden_layer_sizes': (50,), 'learning_rate_init': 0.001, 'max_iter': 500, 'solver': 'adam'}",0.7094240837696335,0.7126137841352406,0.746268656716418,0.7335907335907336,0.7160804020100503,0.7235955320444152,0.014084605419553599,93,0.8065238247521587,0.812644056634837,0.8077524226320725,0.8150967332699017,0.8132357620108177,0.8110505598599576,0.0033182796622694315
10.710028839111327,2.3578748399937677,0.0022006988525390624,0.00039966152994786065,relu,0.01,32,"(50,)",0.001,500,sgd,"{'activation': 'relu', 'alpha': 0.01, 'batch_size': 32, 'hidden_layer_sizes': (50,), 'learning_rate_init': 0.001, 'max_iter': 500, 'solver': 'sgd'}",0.7357512953367875,0.743073047858942,0.7417721518987341,0.7399741267787839,0.7307206068268015,0.7382582457400099,0.004507214314543913,54,0.7812895069532237,0.7878787878787878,0.7780612244897959,0.7788736875596564,0.79296,0.7838126413762927,0.005727931310560365
12.529318046569824,1.7443263984824806,0.003004789352416992,1.0646397381671003e-05,relu,0.01,32,"(100,)",0.001,500,adam,"{'activation': 'relu', 'alpha': 0.01, 'batch_size': 32, 'hidden_layer_sizes': (100,), 'learning_rate_init': 0.001, 'max_iter': 500, 'solver': 'adam'}",0.7217496962332929,0.7343358395989975,0.7213114754098361,0.7183271832718328,0.7046004842615012,0.7200649357550921,0.009489151903014826,97,0.8692515779981965,0.8555417185554172,0.8587167854828257,0.8671116504854369,0.8623011015911872,0.8625845668226126,0.005090880498502009
15.064030694961549,1.4196975207826568,0.0026066780090332033,0.00048280720406903064,relu,0.01,32,"(100,)",0.001,500,sgd,"{'activation': 'relu', 'alpha': 0.01, 'batch_size': 32, 'hidden_layer_sizes': (100,), 'learning_rate_init': 0.001, 'max_iter': 500, 'solver': 'sgd'}",0.7337748344370861,0.7503105590062111,0.7334200260078023,0.7334200260078023,0.7256637168141593,0.7353178324546124,0.008094046945149903,73,0.7890145395799677,0.7774594078319007,0.7861799217731421,0.7913071268775966,0.795280612244898,0.787848321661501,0.005987911652966014
10.170670175552369,0.8449485758970715,0.0038121223449707033,0.0004061649930828353,relu,0.01,32,"(100, 50)",0.001,500,adam,"{'activation': 'relu', 'alpha': 0.01, 'batch_size': 32, 'hidden_layer_sizes': (100, 50), 'learning_rate_init': 0.001, 'max_iter': 500, 'solver': 'adam'}",0.6784363177805801,0.7191283292978208,0.694980694980695,0.6861499364675985,0.7042606516290727,0.6965911860311534,0.014198282602115473,122,0.93906588308073,0.9350968932636112,0.9295154185022027,0.9374416433239963,0.9391575663026521,0.9360554808946386,0.0035860342392261373
25.239748573303224,0.058893353253423805,0.0034054279327392577,0.0004978782701356472,relu,0.01,32,"(100, 50)",0.001,500,sgd,"{'activation': 'relu', 'alpha': 0.01, 'batch_size': 32, 'hidden_layer_sizes': (100, 50), 'learning_rate_init': 0.001, 'max_iter': 500, 'solver': 'sgd'}",0.682230869001297,0.702576112412178,0.6863468634686347,0.6960907944514502,0.7025641025641025,0.6939617483795326,0.008346743144161109,124,0.9001907183725365,0.9009448338921061,0.9083566324945636,0.9071451054453887,0.9121794871794872,0.9057633554768165,0.0045623129934443995
29.444841575622558,5.811850279337713,0.013010787963867187,0.0026878185461836233,relu,0.01,32,"(250, 100)",0.001,500,adam,"{'activation': 'relu', 'alpha': 0.01, 'batch_size': 32, 'hidden_layer_sizes': (250, 100), 'learning_rate_init': 0.001, 'max_iter': 500, 'solver': 'adam'}",0.64,0.6813186813186813,0.6935687263556116,0.6908212560386473,0.6950182260024301,0.6801453779430741,0.020631966828763924,161,0.9428391959798995,0.9423666462293072,0.9286608260325406,0.9376513317191283,0.9386370644465002,0.9380310128814753,0.005103492903948489
79.52828588485718,3.704270120550893,0.004611492156982422,0.000497314707527332,relu,0.01,32,"(250, 100)",0.001,500,sgd,"{'activation': 'relu', 'alpha': 0.01, 'batch_size': 32, 'hidden_layer_sizes': (250, 100), 'learning_rate_init': 0.001, 'max_iter': 500, 'solver': 'sgd'}",0.6454183266932271,0.6901041666666666,0.7148194271481942,0.6709183673469388,0.6934673366834171,0.6829455249076888,0.02337025221829298,152,0.9398133247505632,0.9365577889447236,0.9388523047977423,0.9329573934837093,0.9341732283464567,0.9364708080646389,0.0026258128165524645
44.13650507926941,8.21469747683882,0.01819920539855957,0.004814107328623653,relu,0.01,32,"(200, 150, 100)",0.001,500,adam,"{'activation': 'relu', 'alpha': 0.01, 'batch_size': 32, 'hidden_layer_sizes': (200, 150, 100), 'learning_rate_init': 0.001, 'max_iter': 500, 'solver': 'adam'}",0.6867167919799498,0.7002457002457002,0.7095238095238096,0.6767676767676768,0.6571056062581486,0.6860719169550571,0.018313488485149125,144,0.944945567651633,0.946236559139785,0.9262071059823869,0.9448966812773951,0.9460138104205901,0.9416599448943581,0.007745496145860327
60.98809623718262,9.510949031365806,0.006200361251831055,0.00039968541799961685,relu,0.01,32,"(200, 150, 100)",0.001,500,sgd,"{'activation': 'relu', 'alpha': 0.01, 'batch_size': 32, 'hidden_layer_sizes': (200, 150, 100), 'learning_rate_init': 0.001, 'max_iter': 500, 'solver': 'sgd'}",0.6914893617021277,0.6972477064220184,0.7199017199017199,0.6843434343434344,0.6815365551425031,0.6949037555023606,0.013654690355249428,123,0.9175946547884187,0.9197033215091905,0.9321877876649279,0.9453197405004634,0.9441656210790464,0.9317942251084095,0.011695842368011305
6.112044191360473,0.5441956682729373,0.002601003646850586,0.0004899606239523697,relu,0.01,64,"(50,)",0.001,500,adam,"{'activation': 'relu', 'alpha': 0.01, 'batch_size': 64, 'hidden_layer_sizes': (50,), 'learning_rate_init': 0.001, 'max_iter': 500, 'solver': 'adam'}",0.710204081632653,0.7301587301587301,0.7224334600760456,0.7256637168141593,0.7261146496815286,0.7229149276726233,0.006812696312547755,94,0.8063033486539725,0.8132343846629561,0.812919731371922,0.8157401623985009,0.8079768414281119,0.8112348937030927,0.003523325965184498
3.535403537750244,0.5196931685523531,0.002606630325317383,0.0004948665098901603,relu,0.01,64,"(50,)",0.001,500,sgd,"{'activation': 'relu', 'alpha': 0.01, 'batch_size': 64, 'hidden_layer_sizes': (50,), 'learning_rate_init': 0.001, 'max_iter': 500, 'solver': 'sgd'}",0.7339449541284404,0.7615480649188514,0.7295918367346939,0.7296587926509186,0.7225806451612903,0.7354648587188389,0.013541414291307327,72,0.7575175943698017,0.7583547557840618,0.7646302250803858,0.7592829705505761,0.7656300096184675,0.7610831110806586,0.0033661147338765163
9.794607734680175,2.2152550882924276,0.003012943267822266,0.0006336928557639067,relu,0.01,64,"(100,)",0.001,500,adam,"{'activation': 'relu', 'alpha': 0.01, 'batch_size': 64, 'hidden_layer_sizes': (100,), 'learning_rate_init': 0.001, 'max_iter': 500, 'solver': 'adam'}",0.7301980198019802,0.7364620938628159,0.7164179104477612,0.7033248081841432,0.7131979695431472,0.7199201603679695,0.011934230401558001,98,0.8552875695732839,0.87174778083869,0.8698131137155527,0.8767038413878563,0.8847371754274858,0.8716578961885737,0.009673965096876841
5.247819805145264,0.554756177184432,0.0032009124755859376,0.00040082982571751103,relu,0.01,64,"(100,)",0.001,500,sgd,"{'activation': 'relu', 'alpha': 0.01, 'batch_size': 64, 'hidden_layer_sizes': (100,), 'learning_rate_init': 0.001, 'max_iter': 500, 'solver': 'sgd'}",0.74189364461738,0.7630922693266833,0.7461928934010152,0.7320261437908496,0.7313997477931904,0.7429209397858237,0.011576510665759765,9,0.7640664961636828,0.7636942675159236,0.7630650849631292,0.7615089514066496,0.7672552166934189,0.7639180033485607,0.0018836189518626548
8.303126239776612,0.589545492656563,0.0034032821655273437,0.0004873922989970577,relu,0.01,64,"(100, 50)",0.001,500,adam,"{'activation': 'relu', 'alpha': 0.01, 'batch_size': 64, 'hidden_layer_sizes': (100, 50), 'learning_rate_init': 0.001, 'max_iter': 500, 'solver': 'adam'}",0.6758104738154613,0.7182587666263603,0.7090464547677262,0.6805736636245111,0.6700251889168766,0.6907429095501871,0.019223721315475763,134,0.9474011826953004,0.9381728698861889,0.9449257425742574,0.9471698113207547,0.9370452388484657,0.9429429690649934,0.004454443240185228
18.198937034606935,0.6292478456041448,0.003799104690551758,0.00039955080363551044,relu,0.01,64,"(100, 50)",0.001,500,sgd,"{'activation': 'relu', 'alpha': 0.01, 'batch_size': 64, 'hidden_layer_sizes': (100, 50), 'learning_rate_init': 0.001, 'max_iter': 500, 'solver': 'sgd'}",0.7190412782956058,0.7311028500619579,0.7253886010362695,0.7127937336814621,0.7245283018867924,0.7225709529924175,0.006206709977409859,95,0.8272117534334078,0.8207426376440461,0.8261429491307147,0.8335467349551856,0.8304167992363983,0.8276121748799505,0.004303357399517285
20.32362904548645,2.8946559290931386,0.00579991340637207,0.0007482398050477179,relu,0.01,64,"(250, 100)",0.001,500,adam,"{'activation': 'relu', 'alpha': 0.01, 'batch_size': 64, 'hidden_layer_sizes': (250, 100), 'learning_rate_init': 0.001, 'max_iter': 500, 'solver': 'adam'}",0.6510989010989011,0.712258064516129,0.7040194884287454,0.6631158455392809,0.6732919254658385,0.680756845009779,0.02357965619919691,158,0.934597776324395,0.942579228114214,0.9469790382244143,0.9381377551020408,0.9444620755315772,0.9413511746593283,0.004445067427017871
55.229259967803955,2.6863301939576587,0.005399894714355469,0.0008000379382304474,relu,0.01,64,"(250, 100)",0.001,500,sgd,"{'activation': 'relu', 'alpha': 0.01, 'batch_size': 64, 'hidden_layer_sizes': (250, 100), 'learning_rate_init': 0.001, 'max_iter': 500, 'solver': 'sgd'}",0.7054161162483488,0.7259073842302879,0.7210191082802547,0.699055330634278,0.7161458333333334,0.7135087545453006,0.00991441247054902,101,0.8742857142857143,0.8695652173913043,0.8776100224863476,0.8701506893235011,0.8686934023285899,0.8720610091630915,0.003375201801188554
26.33228850364685,5.071650947170518,0.006799077987670899,0.0011672182149794212,relu,0.01,64,"(200, 150, 100)",0.001,500,adam,"{'activation': 'relu', 'alpha': 0.01, 'batch_size': 64, 'hidden_layer_sizes': (200, 150, 100), 'learning_rate_init': 0.001, 'max_iter': 500, 'solver': 'adam'}",0.6735218508997429,0.7029702970297029,0.6905940594059405,0.6813471502590673,0.6842737094837935,0.6865414134156496,0.009878906976935423,142,0.9484666455896301,0.9489858635525507,0.9463781749764817,0.9498896942956193,0.9447018844609206,0.9476844525750405,0.0018852406324127058
63.612997436523436,5.656712550513559,0.007198858261108399,0.001165353601592319,relu,0.01,64,"(200, 150, 100)",0.001,500,sgd,"{'activation': 'relu', 'alpha': 0.01, 'batch_size': 64, 'hidden_layer_sizes': (200, 150, 100), 'learning_rate_init': 0.001, 'max_iter': 500, 'solver': 'sgd'}",0.6878172588832487,0.6873508353221957,0.6726342710997443,0.6675461741424802,0.6759847522236341,0.6782666583342606,0.008069645657126862,165,0.932587760173967,0.9380692167577414,0.9367816091954023,0.9357798165137615,0.9377777777777778,0.93619923608373,0.001977192507809641
5.382158517837524,0.9190608097269869,0.0030004024505615235,8.203816668551089e-07,relu,0.01,128,"(50,)",0.001,500,adam,"{'activation': 'relu', 'alpha': 0.01, 'batch_size': 128, 'hidden_layer_sizes': (50,), 'learning_rate_init': 0.001, 'max_iter': 500, 'solver': 'adam'}",0.7002724795640327,0.7279503105590062,0.71875,0.7144719687092569,0.712468193384224,0.714782590443304,0.009001393547373851,99,0.8017043592264831,0.8079132099553287,0.8028909329829172,0.7980645161290323,0.8074814575943244,0.8036108951776171,0.003698829850465868
1.5554488182067872,0.17434859282963866,0.003000164031982422,8.740569486533814e-07,relu,0.01,128,"(50,)",0.001,500,sgd,"{'activation': 'relu', 'alpha': 0.01, 'batch_size': 128, 'hidden_layer_sizes': (50,), 'learning_rate_init': 0.001, 'max_iter': 500, 'solver': 'sgd'}",0.7450980392156863,0.7628607277289837,0.7373737373737373,0.7311258278145696,0.7298701298701299,0.7412656924006213,0.012073569862184528,20,0.7474226804123711,0.746606334841629,0.7514525500322788,0.7482246610716591,0.7524943675571291,0.7492401187830134,0.002313267885960715
8.271268367767334,0.9955020566442272,0.0030005931854248046,0.0006327115687029548,relu,0.01,128,"(100,)",0.001,500,adam,"{'activation': 'relu', 'alpha': 0.01, 'batch_size': 128, 'hidden_layer_sizes': (100,), 'learning_rate_init': 0.001, 'max_iter': 500, 'solver': 'adam'}",0.7099236641221374,0.7191011235955056,0.6976127320954907,0.6781456953642384,0.7070707070707071,0.7023707844496159,0.013917855548376653,119,0.8654637543526432,0.8576779026217228,0.856953202787919,0.8666232921275211,0.8636796949475691,0.8620795693674751,0.004007813140722005
2.212677526473999,0.1972812326208807,0.00319366455078125,0.000750320267401405,relu,0.01,128,"(100,)",0.001,500,sgd,"{'activation': 'relu', 'alpha': 0.01, 'batch_size': 128, 'hidden_layer_sizes': (100,), 'learning_rate_init': 0.001, 'max_iter': 500, 'solver': 'sgd'}",0.7322834645669292,0.7643312101910829,0.7414880201765448,0.72870249017038,0.7337579617834394,0.7401126293776752,0.012808592858406275,35,0.7535121328224776,0.7452739506568408,0.751604621309371,0.7538461538461538,0.7558851983231216,0.752024411391593,0.003638205057494384
9.730709457397461,1.2359031210289768,0.004004907608032226,0.0012596309689181752,relu,0.01,128,"(100, 50)",0.001,500,adam,"{'activation': 'relu', 'alpha': 0.01, 'batch_size': 128, 'hidden_layer_sizes': (100, 50), 'learning_rate_init': 0.001, 'max_iter': 500, 'solver': 'adam'}",0.6709844559585493,0.7196149217809867,0.7139364303178484,0.6909547738693468,0.6690821256038647,0.6929145415061192,0.021012298803734675,126,0.9423622047244095,0.9467599634925464,0.9458461538461539,0.9393659587565405,0.943501080580426,0.9435670722800152,0.0026265636351803998
16.80014352798462,0.6424512141418497,0.004999923706054688,0.001672087811413545,relu,0.01,128,"(100, 50)",0.001,500,sgd,"{'activation': 'relu', 'alpha': 0.01, 'batch_size': 128, 'hidden_layer_sizes': (100, 50), 'learning_rate_init': 0.001, 'max_iter': 500, 'solver': 'sgd'}",0.734640522875817,0.7531172069825436,0.7554417413572343,0.74189364461738,0.7210191082802547,0.741222444822646,0.012614442309534008,24,0.7827751196172249,0.7790072715776162,0.780891719745223,0.7922858046158711,0.7871382636655948,0.784419635844306,0.0047688963283358116
14.290065622329712,4.906758967415352,0.006599617004394531,0.0010199080153816043,relu,0.01,128,"(250, 100)",0.001,500,adam,"{'activation': 'relu', 'alpha': 0.01, 'batch_size': 128, 'hidden_layer_sizes': (250, 100), 'learning_rate_init': 0.001, 'max_iter': 500, 'solver': 'adam'}",0.6749688667496887,0.6998722860791826,0.6868686868686869,0.6666666666666666,0.6826196473551638,0.6821992307438777,0.011205857091846612,155,0.9451582575994986,0.9420514409668422,0.9459206001875586,0.9412126808248692,0.9456145866079849,0.9439915132373506,0.001959736003954714
57.30983352661133,12.457486327936824,0.006598758697509766,0.001021068158264165,relu,0.01,128,"(250, 100)",0.001,500,sgd,"{'activation': 'relu', 'alpha': 0.01, 'batch_size': 128, 'hidden_layer_sizes': (250, 100), 'learning_rate_init': 0.001, 'max_iter': 500, 'solver': 'sgd'}",0.7336814621409922,0.745679012345679,0.7411167512690355,0.7467362924281984,0.7196969696969697,0.7373820975761749,0.009967405328926943,58,0.7980861244019138,0.7973526630948629,0.7932029496633536,0.8011381599747076,0.7982148549569652,0.7975989504183607,0.0025506140930529183
25.29739580154419,9.841853357410795,0.008597326278686524,0.0014956583745573404,relu,0.01,128,"(200, 150, 100)",0.001,500,adam,"{'activation': 'relu', 'alpha': 0.01, 'batch_size': 128, 'hidden_layer_sizes': (200, 150, 100), 'learning_rate_init': 0.001, 'max_iter': 500, 'solver': 'adam'}",0.660574412532637,0.6812339331619537,0.6927939317319848,0.6831168831168831,0.6616161616161617,0.6758670644319241,0.012687280407566373,169,0.9439749608763693,0.9436220472440945,0.947038545910373,0.9497032177444549,0.9465408805031447,0.9461759304556873,0.0022219647218100326
56.92029824256897,8.968731066079094,0.014399051666259766,0.013321206593618592,relu,0.01,128,"(200, 150, 100)",0.001,500,sgd,"{'activation': 'relu', 'alpha': 0.01, 'batch_size': 128, 'hidden_layer_sizes': (200, 150, 100), 'learning_rate_init': 0.001, 'max_iter': 500, 'solver': 'sgd'}",0.6993377483443709,0.7217280813214739,0.6967741935483871,0.699468085106383,0.7027027027027027,0.7040021622046636,0.009060407785770976,115,0.8845425867507887,0.8949539828625833,0.8864373783257625,0.897100987575661,0.8950558213716109,0.8916181513772813,0.005097271106416183
15.375999450683594,0.499863989913539,0.0032004356384277345,0.00040047351480525673,tanh,0.001,32,"(50,)",0.001,500,adam,"{'activation': 'tanh', 'alpha': 0.001, 'batch_size': 32, 'hidden_layer_sizes': (50,), 'learning_rate_init': 0.001, 'max_iter': 500, 'solver': 'adam'}",0.6852791878172588,0.6972704714640199,0.6843434343434344,0.6666666666666666,0.672544080604534,0.6812207681791828,0.010685706037207685,157,0.8785105711580941,0.8875702685821362,0.8842636392305266,0.8875552747946936,0.8916797488226059,0.8859159005176112,0.004386691219586697
13.433067321777344,0.07433602239819916,0.0032007694244384766,0.00039994748978239313,tanh,0.001,32,"(50,)",0.001,500,sgd,"{'activation': 'tanh', 'alpha': 0.001, 'batch_size': 32, 'hidden_layer_sizes': (50,), 'learning_rate_init': 0.001, 'max_iter': 500, 'solver': 'sgd'}",0.731457800511509,0.7627329192546584,0.7307206068268015,0.7239583333333334,0.7025641025641025,0.730286752498081,0.01930237046950758,87,0.7913623372499206,0.7884244372990353,0.7922829581993569,0.7937718462027328,0.7926325817719911,0.7916948321446073,0.0018080536119551979
18.50824294090271,0.1510783669606974,0.004201173782348633,0.0009791800480487497,tanh,0.001,32,"(100,)",0.001,500,adam,"{'activation': 'tanh', 'alpha': 0.001, 'batch_size': 32, 'hidden_layer_sizes': (100,), 'learning_rate_init': 0.001, 'max_iter': 500, 'solver': 'adam'}",0.6571428571428571,0.6692111959287532,0.691747572815534,0.6536458333333334,0.6991473812423873,0.674178968092573,0.018267977374275525,173,0.936007640878701,0.9301282051282052,0.9394794606459705,0.9395723582274559,0.9395434916718075,0.9369462313104281,0.0036722197062700524
15.90034728050232,0.04313966378924571,0.0037998199462890626,0.00039954243817112115,tanh,0.001,32,"(100,)",0.001,500,sgd,"{'activation': 'tanh', 'alpha': 0.001, 'batch_size': 32, 'hidden_layer_sizes': (100,), 'learning_rate_init': 0.001, 'max_iter': 500, 'solver': 'sgd'}",0.7239583333333334,0.7462311557788944,0.7390180878552972,0.7235142118863049,0.7093469910371318,0.7284137559781925,0.012940706617400505,89,0.7838709677419354,0.7851424911943644,0.7865676461091379,0.7918910357934749,0.7895574657752308,0.7874059213228286,0.002934863316914782
12.759334993362426,1.5775191354719325,0.004599332809448242,0.0004902730583279046,tanh,0.001,32,"(100, 50)",0.001,500,adam,"{'activation': 'tanh', 'alpha': 0.001, 'batch_size': 32, 'hidden_layer_sizes': (100, 50), 'learning_rate_init': 0.001, 'max_iter': 500, 'solver': 'adam'}",0.6581632653061225,0.7055961070559611,0.6948941469489415,0.6807980049875312,0.6691823899371069,0.6817267828471325,0.017068027983776293,156,0.9490147012824522,0.9491733006736068,0.9474665837737022,0.9491318915625951,0.9479987393633785,0.948557043331147,0.0006957700437035766
25.678583097457885,0.0727967113300362,0.0050007343292236325,0.0006318075180030391,tanh,0.001,32,"(100, 50)",0.001,500,sgd,"{'activation': 'tanh', 'alpha': 0.001, 'batch_size': 32, 'hidden_layer_sizes': (100, 50), 'learning_rate_init': 0.001, 'max_iter': 500, 'solver': 'sgd'}",0.675224646983312,0.7196029776674938,0.7160804020100503,0.6997389033942559,0.7033248081841432,0.7027943476478511,0.015676446066326555,117,0.863405336721728,0.8643962848297214,0.8592310136638068,0.8640463917525774,0.8659594985535197,0.8634077051042706,0.002251293730902641
31.189045429229736,4.1136038519836715,0.00800023078918457,1.497299048243292e-06,tanh,0.001,32,"(250, 100)",0.001,500,adam,"{'activation': 'tanh', 'alpha': 0.001, 'batch_size': 32, 'hidden_layer_sizes': (250, 100), 'learning_rate_init': 0.001, 'max_iter': 500, 'solver': 'adam'}",0.6799007444168734,0.6983729662077597,0.706601466992665,0.6521739130434783,0.674074074074074,0.6822246329469701,0.019130481121769276,154,0.9493001555209953,0.9471048513302034,0.9478260869565217,0.9489005884174667,0.9476653086806643,0.9481593981811702,0.000814614036537185
73.36023182868958,1.5288340411168004,0.008199501037597656,0.00040004342550983954,tanh,0.001,32,"(250, 100)",0.001,500,sgd,"{'activation': 'tanh', 'alpha': 0.001, 'batch_size': 32, 'hidden_layer_sizes': (250, 100), 'learning_rate_init': 0.001, 'max_iter': 500, 'solver': 'sgd'}",0.7099236641221374,0.73989898989899,0.7119496855345911,0.6929133858267716,0.6884816753926701,0.708633480155032,0.01812959179467467,108,0.8509297195083517,0.8466921119592875,0.8587026332691072,0.8618925831202046,0.8481505515898767,0.8532735198893656,0.0059802451092408095
34.02035737037659,3.3816026293745582,0.010200119018554688,0.0007484304338719753,tanh,0.001,32,"(200, 150, 100)",0.001,500,adam,"{'activation': 'tanh', 'alpha': 0.001, 'batch_size': 32, 'hidden_layer_sizes': (200, 150, 100), 'learning_rate_init': 0.001, 'max_iter': 500, 'solver': 'adam'}",0.6955445544554455,0.6928934010152284,0.7026348808030113,0.6776649746192893,0.6875,0.6912475621785948,0.008359125081563298,133,0.9481481481481482,0.9479623824451411,0.9486780715396579,0.9514145141451414,0.9475327920049968,0.9487471816566171,0.0013833966882400646
108.63260669708252,4.689490011088312,0.010399913787841797,0.0008010396858612609,tanh,0.001,32,"(200, 150, 100)",0.001,500,sgd,"{'activation': 'tanh', 'alpha': 0.001, 'batch_size': 32, 'hidden_layer_sizes': (200, 150, 100), 'learning_rate_init': 0.001, 'max_iter': 500, 'solver': 'sgd'}",0.6666666666666666,0.6828025477707006,0.7051442910915935,0.6692307692307692,0.6666666666666666,0.6781021882852792,0.01478927374078725,166,0.943502824858757,0.9408805031446541,0.9419516786946972,0.943089430894309,0.9441111461951374,0.942707116757511,0.0011539339756439732
9.192653036117553,0.05102787962048263,0.003200244903564453,0.0004002104069145436,tanh,0.001,64,"(50,)",0.001,500,adam,"{'activation': 'tanh', 'alpha': 0.001, 'batch_size': 64, 'hidden_layer_sizes': (50,), 'learning_rate_init': 0.001, 'max_iter': 500, 'solver': 'adam'}",0.6825,0.7174447174447175,0.6886075949367089,0.6579634464751958,0.6724351050679852,0.6837901727849215,0.019765919320868304,149,0.8708043065231159,0.8688010043942247,0.8703170028818443,0.8703296703296703,0.8687639021290118,0.8698031772515733,0.0008518115723947981
3.9870237350463866,2.649671015381374,0.0031999588012695313,0.00040106910854544357,tanh,0.001,64,"(50,)",0.001,500,sgd,"{'activation': 'tanh', 'alpha': 0.001, 'batch_size': 64, 'hidden_layer_sizes': (50,), 'learning_rate_init': 0.001, 'max_iter': 500, 'solver': 'sgd'}",0.7357237715803453,0.7631241997439181,0.7423469387755102,0.7241379310344828,0.7337579617834394,0.7398181605835391,0.013030163544688233,41,0.7561837455830389,0.7445634534242129,0.74609375,0.7587988375847594,0.7658064516129032,0.7542892476409829,0.0079790822276073
11.37526707649231,0.06679108310314322,0.004000139236450195,1.1523290608973096e-06,tanh,0.001,64,"(100,)",0.001,500,adam,"{'activation': 'tanh', 'alpha': 0.001, 'batch_size': 64, 'hidden_layer_sizes': (100,), 'learning_rate_init': 0.001, 'max_iter': 500, 'solver': 'adam'}",0.6528497409326425,0.706786171574904,0.6790582403965304,0.6734955185659411,0.6823238566131026,0.678902705616624,0.017304397011631965,163,0.9258198026106336,0.9179389312977099,0.9248191255111671,0.9261662032746371,0.9276807980049875,0.9244849721398269,0.0033995271040872916
1.4860087871551513,0.6711418062582051,0.0037999629974365236,0.0004006877536194422,tanh,0.001,64,"(100,)",0.001,500,sgd,"{'activation': 'tanh', 'alpha': 0.001, 'batch_size': 64, 'hidden_layer_sizes': (100,), 'learning_rate_init': 0.001, 'max_iter': 500, 'solver': 'sgd'}",0.7424042272126816,0.7599486521181001,0.7376425855513308,0.7347480106100795,0.7307692307692307,0.7411025412522846,0.010158729642830173,26,0.7445775331822596,0.7406686140863356,0.7412951513179303,0.7450599287333981,0.7450726978998384,0.7433347850439523,0.0019395596454206045
10.559462451934815,0.989747072368421,0.00439910888671875,0.000490623065427723,tanh,0.001,64,"(100, 50)",0.001,500,adam,"{'activation': 'tanh', 'alpha': 0.001, 'batch_size': 64, 'hidden_layer_sizes': (100, 50), 'learning_rate_init': 0.001, 'max_iter': 500, 'solver': 'adam'}",0.6734177215189874,0.6992481203007519,0.6925,0.6776649746192893,0.6791979949874687,0.6844057622852995,0.009788854622576353,146,0.9493116395494368,0.9473019880088356,0.9477987421383648,0.950890116635973,0.9483830845771144,0.9487371141819448,0.0012673567099246554
16.62966661453247,0.05496413856701651,0.004601144790649414,0.0004889286627500338,tanh,0.001,64,"(100, 50)",0.001,500,sgd,"{'activation': 'tanh', 'alpha': 0.001, 'batch_size': 64, 'hidden_layer_sizes': (100, 50), 'learning_rate_init': 0.001, 'max_iter': 500, 'solver': 'sgd'}",0.7246753246753247,0.7371069182389937,0.7383059418457648,0.7249022164276402,0.717948717948718,0.7285878238272883,0.007862553183673536,88,0.7954545454545454,0.7888138862102217,0.793732011512632,0.7947486391290426,0.798330122029544,0.7942158408671972,0.0031035714100288584
26.97560043334961,2.4030291543674287,0.007999563217163086,3.234066955149302e-07,tanh,0.001,64,"(250, 100)",0.001,500,adam,"{'activation': 'tanh', 'alpha': 0.001, 'batch_size': 64, 'hidden_layer_sizes': (250, 100), 'learning_rate_init': 0.001, 'max_iter': 500, 'solver': 'adam'}",0.6649484536082474,0.7060301507537688,0.7172582619339045,0.6733921815889029,0.6814814814814815,0.688622105873261,0.019831542463801685,137,0.9482323232323232,0.9493316754740442,0.9478970495919649,0.9505750699409388,0.9483509645301804,0.9488774165538902,0.0009739399053257976
50.98051090240479,0.8496421478386543,0.00800023078918457,2.11427681707338e-06,tanh,0.001,64,"(250, 100)",0.001,500,sgd,"{'activation': 'tanh', 'alpha': 0.001, 'batch_size': 64, 'hidden_layer_sizes': (250, 100), 'learning_rate_init': 0.001, 'max_iter': 500, 'solver': 'sgd'}",0.7406451612903225,0.7556109725685786,0.7443609022556391,0.7350649350649351,0.7291399229781772,0.7409643788315305,0.008953012591194,28,0.7918652685096917,0.7851186658114175,0.7834394904458599,0.7953327026174708,0.7941735275490817,0.7899859309867043,0.004820829708825709
33.68894653320312,4.452410294633199,0.010200405120849609,0.0003991664374032451,tanh,0.001,64,"(200, 150, 100)",0.001,500,adam,"{'activation': 'tanh', 'alpha': 0.001, 'batch_size': 64, 'hidden_layer_sizes': (200, 150, 100), 'learning_rate_init': 0.001, 'max_iter': 500, 'solver': 'adam'}",0.6517150395778364,0.707196029776675,0.6974358974358974,0.6743002544529262,0.685785536159601,0.6832865514805873,0.01926460986303629,150,0.9492593759848723,0.9497378970089423,0.9478013286934515,0.9507174048658765,0.9483188044831881,0.949166962207266,0.0010317660307126223
79.86260900497436,0.39131002770241075,0.010199546813964844,0.0004004244685134846,tanh,0.001,64,"(200, 150, 100)",0.001,500,sgd,"{'activation': 'tanh', 'alpha': 0.001, 'batch_size': 64, 'hidden_layer_sizes': (200, 150, 100), 'learning_rate_init': 0.001, 'max_iter': 500, 'solver': 'sgd'}",0.714828897338403,0.7309644670050761,0.7084398976982097,0.7003891050583657,0.694980694980695,0.7099206124161499,0.012515417359429253,107,0.8248587570621468,0.8189026324135744,0.8195976638546398,0.834403080872914,0.8197674418604651,0.823505915212748,0.005848405333210714
6.219443321228027,0.03442924198137701,0.003000688552856445,3.5040231839893024e-07,tanh,0.001,128,"(50,)",0.001,500,adam,"{'activation': 'tanh', 'alpha': 0.001, 'batch_size': 128, 'hidden_layer_sizes': (50,), 'learning_rate_init': 0.001, 'max_iter': 500, 'solver': 'adam'}",0.6828025477707006,0.718397997496871,0.7112232030264817,0.6962025316455697,0.7092024539877301,0.7035657467854707,0.012615325091778293,116,0.8526448362720404,0.8580323785803238,0.8555240793201133,0.8576721210250077,0.8513302034428795,0.855040723728073,0.002668936889717502
0.6912033081054687,0.035113562621103406,0.003400087356567383,0.0013564101035251988,tanh,0.001,128,"(50,)",0.001,500,sgd,"{'activation': 'tanh', 'alpha': 0.001, 'batch_size': 128, 'hidden_layer_sizes': (50,), 'learning_rate_init': 0.001, 'max_iter': 500, 'solver': 'sgd'}",0.7430093209054593,0.7582697201017812,0.7439490445859872,0.7424042272126816,0.7235142118863049,0.7422293049384429,0.011055732935708934,12,0.7457078069322968,0.7439896036387265,0.7437316834907196,0.7435980551053485,0.7472527472527473,0.7448559792839677,0.0014189522942765125
8.271829652786256,0.04196747887197612,0.0038005352020263673,0.00039954303571010044,tanh,0.001,128,"(100,)",0.001,500,adam,"{'activation': 'tanh', 'alpha': 0.001, 'batch_size': 128, 'hidden_layer_sizes': (100,), 'learning_rate_init': 0.001, 'max_iter': 500, 'solver': 'adam'}",0.6776649746192893,0.7087011349306431,0.6982543640897756,0.6684005201560468,0.7070457354758962,0.6920133458543302,0.01616692082717856,128,0.9033070866141732,0.8931610463283959,0.8905249679897568,0.9001256281407035,0.9052500776638708,0.8984737613473801,0.005716929535577303
0.8528025150299072,0.07425259383860015,0.004000329971313476,0.000634144275596766,tanh,0.001,128,"(100,)",0.001,500,sgd,"{'activation': 'tanh', 'alpha': 0.001, 'batch_size': 128, 'hidden_layer_sizes': (100,), 'learning_rate_init': 0.001, 'max_iter': 500, 'solver': 'sgd'}",0.7354497354497355,0.7603092783505154,0.7385786802030457,0.7344782034346103,0.7291399229781772,0.7395911640832168,0.010796180998450661,42,0.7436893203883496,0.7392290249433107,0.742429176164116,0.7400909681611436,0.7434487220964089,0.7417774423506658,0.0018006574942024968
12.29686689376831,0.8520665405501765,0.004800939559936523,0.00040073803296337724,tanh,0.001,128,"(100, 50)",0.001,500,adam,"{'activation': 'tanh', 'alpha': 0.001, 'batch_size': 128, 'hidden_layer_sizes': (100, 50), 'learning_rate_init': 0.001, 'max_iter': 500, 'solver': 'adam'}",0.651595744680851,0.6983729662077597,0.6954377311960542,0.658974358974359,0.6839506172839506,0.6776662836685948,0.01904281990606718,167,0.9452672247263362,0.9484600879949717,0.9482220835932627,0.9490989566866899,0.948868918500155,0.9479834543002831,0.001392150792126936
3.8493289947509766,0.7997119571855394,0.004800653457641602,0.00039987697710268405,tanh,0.001,128,"(100, 50)",0.001,500,sgd,"{'activation': 'tanh', 'alpha': 0.001, 'batch_size': 128, 'hidden_layer_sizes': (100, 50), 'learning_rate_init': 0.001, 'max_iter': 500, 'solver': 'sgd'}",0.7433862433862434,0.7570332480818415,0.7468354430379747,0.7294429708222812,0.7305236270753512,0.7414443064807384,0.010384063451544759,19,0.7485455720749838,0.7437641723356009,0.746606334841629,0.7493523316062176,0.7499189101524489,0.7476374642021761,0.0022376793062445694
21.026911306381226,1.8804022209227569,0.009200096130371094,0.0007487755387169224,tanh,0.001,128,"(250, 100)",0.001,500,adam,"{'activation': 'tanh', 'alpha': 0.001, 'batch_size': 128, 'hidden_layer_sizes': (250, 100), 'learning_rate_init': 0.001, 'max_iter': 500, 'solver': 'adam'}",0.6596306068601583,0.7118226600985221,0.6995073891625616,0.6692708333333334,0.7037037037037037,0.6887870386316559,0.020489277447651288,136,0.948002536461636,0.949551222531724,0.949048496009822,0.949238578680203,0.9481527475939149,0.94879871625546,0.0006120967815629487
12.746230936050415,11.538273355760852,0.007999038696289063,8.869683855885636e-07,tanh,0.001,128,"(250, 100)",0.001,500,sgd,"{'activation': 'tanh', 'alpha': 0.001, 'batch_size': 128, 'hidden_layer_sizes': (250, 100), 'learning_rate_init': 0.001, 'max_iter': 500, 'solver': 'sgd'}",0.7470198675496689,0.7583547557840618,0.7426376440460948,0.7296587926509186,0.7221510883482715,0.7399644296758031,0.012795707536275047,37,0.7425968109339408,0.7393703343070431,0.7419249592169658,0.7585099550417469,0.7703134996801023,0.7505431118359598,0.011971516499372841
20.93010902404785,2.469520608629979,0.009998893737792969,1.2119545962466082e-06,tanh,0.001,128,"(200, 150, 100)",0.001,500,adam,"{'activation': 'tanh', 'alpha': 0.001, 'batch_size': 128, 'hidden_layer_sizes': (200, 150, 100), 'learning_rate_init': 0.001, 'max_iter': 500, 'solver': 'adam'}",0.6741016109045849,0.7082294264339152,0.7095959595959596,0.6886075949367089,0.6825595984943539,0.6926188380731044,0.014086015750275249,127,0.948868918500155,0.949768875192604,0.9480600750938674,0.950891460744448,0.9483891147951204,0.9491956888652389,0.0010248067205095572
52.01717104911804,1.7060324521552006,0.010599517822265625,0.0004905834676342406,tanh,0.001,128,"(200, 150, 100)",0.001,500,sgd,"{'activation': 'tanh', 'alpha': 0.001, 'batch_size': 128, 'hidden_layer_sizes': (200, 150, 100), 'learning_rate_init': 0.001, 'max_iter': 500, 'solver': 'sgd'}",0.7389033942558747,0.7564894932014833,0.7458912768647282,0.7322121604139715,0.7325728770595691,0.7412138403591254,0.009124238398896355,25,0.7699711260827719,0.7747861894203357,0.7799744897959183,0.7785445420326224,0.7806738715829625,0.7767900437829222,0.003970293435153994
11.922946548461914,0.8016782000907261,0.0031785488128662108,0.0003543154988418345,tanh,0.01,32,"(50,)",0.001,500,adam,"{'activation': 'tanh', 'alpha': 0.01, 'batch_size': 32, 'hidden_layer_sizes': (50,), 'learning_rate_init': 0.001, 'max_iter': 500, 'solver': 'adam'}",0.7063291139240506,0.7283950617283951,0.711276332094176,0.7061855670103093,0.7011070110701108,0.7106586171654083,0.009433440437887,106,0.8385481852315394,0.8396138274680784,0.8435417327832434,0.8513302034428795,0.8382489909965849,0.8422565879844651,0.004914862406683399
13.246687507629394,0.03507101724944719,0.0032002925872802734,0.0003994710229818115,tanh,0.01,32,"(50,)",0.001,500,sgd,"{'activation': 'tanh', 'alpha': 0.01, 'batch_size': 32, 'hidden_layer_sizes': (50,), 'learning_rate_init': 0.001, 'max_iter': 500, 'solver': 'sgd'}",0.7329032258064516,0.7587064676616916,0.7424242424242424,0.7260812581913499,0.7102564102564103,0.7340743208680293,0.016180341320003667,81,0.780472239948947,0.7857142857142857,0.788831835686778,0.7900763358778626,0.7844387755102041,0.7859066945476154,0.0033960996378626187
15.692904472351074,1.5925408554620222,0.0035984039306640623,0.0004900396432434604,tanh,0.01,32,"(100,)",0.001,500,adam,"{'activation': 'tanh', 'alpha': 0.01, 'batch_size': 32, 'hidden_layer_sizes': (100,), 'learning_rate_init': 0.001, 'max_iter': 500, 'solver': 'adam'}",0.6743589743589744,0.7164556962025317,0.7151819322459222,0.70828025477707,0.6986128625472888,0.7025779440263574,0.015466098361411421,118,0.8657289002557544,0.8588456712672522,0.8698131137155527,0.8726823238566132,0.8910579345088161,0.8716255887207979,0.010771397704942773
15.699105024337769,0.03218065646206717,0.0037994861602783205,0.000400925448232731,tanh,0.01,32,"(100,)",0.001,500,sgd,"{'activation': 'tanh', 'alpha': 0.01, 'batch_size': 32, 'hidden_layer_sizes': (100,), 'learning_rate_init': 0.001, 'max_iter': 500, 'solver': 'sgd'}",0.7241830065359477,0.7578419071518193,0.7455012853470437,0.7237354085603113,0.7075351213282248,0.7317593457846694,0.0177636620431456,83,0.7788121990369181,0.7809890815671162,0.7787096774193548,0.7821939586645469,0.7817776361898694,0.7804965105755611,0.0014693479590269887
13.64588441848755,1.5845566755475016,0.004599809646606445,0.0004900773781273989,tanh,0.01,32,"(100, 50)",0.001,500,adam,"{'activation': 'tanh', 'alpha': 0.01, 'batch_size': 32, 'hidden_layer_sizes': (100, 50), 'learning_rate_init': 0.001, 'max_iter': 500, 'solver': 'adam'}",0.6624203821656051,0.7074663402692778,0.6990291262135923,0.6614785992217899,0.6814268142681427,0.6823642524276815,0.01866911938725456,153,0.9411035337879727,0.9481481481481482,0.9442033477991321,0.9446009389671362,0.9442033477991321,0.9444518633003043,0.0022369432564389273
25.706000661849977,0.17050000387157951,0.004398870468139649,0.0004901353551098572,tanh,0.01,32,"(100, 50)",0.001,500,sgd,"{'activation': 'tanh', 'alpha': 0.01, 'batch_size': 32, 'hidden_layer_sizes': (100, 50), 'learning_rate_init': 0.001, 'max_iter': 500, 'solver': 'sgd'}",0.6939820742637645,0.7178217821782178,0.7185929648241206,0.6966887417218544,0.7007672634271099,0.7055705652830133,0.01054444714354688,112,0.8426717315606205,0.8355304456999372,0.8286903618315722,0.8378290542736432,0.842139175257732,0.837372153724701,0.005094785109718567
37.49044680595398,3.424524897500574,0.008601093292236328,0.0004892206236401864,tanh,0.01,32,"(250, 100)",0.001,500,adam,"{'activation': 'tanh', 'alpha': 0.01, 'batch_size': 32, 'hidden_layer_sizes': (250, 100), 'learning_rate_init': 0.001, 'max_iter': 500, 'solver': 'adam'}",0.7012345679012346,0.680306905370844,0.7063106796116505,0.6615186615186616,0.7080745341614907,0.6914890697127763,0.01796106150875866,131,0.9419354838709677,0.9422954977805961,0.9414649095923996,0.9472059277554801,0.9406674907292955,0.9427138619457478,0.0023111500763648304
71.40174078941345,0.8066839801826363,0.008199024200439452,0.00039992441902906916,tanh,0.01,32,"(250, 100)",0.001,500,sgd,"{'activation': 'tanh', 'alpha': 0.01, 'batch_size': 32, 'hidden_layer_sizes': (250, 100), 'learning_rate_init': 0.001, 'max_iter': 500, 'solver': 'sgd'}",0.7235142118863049,0.7341772151898734,0.7133592736705577,0.6924101198402131,0.7038961038961039,0.7134713848966107,0.014593596150502711,102,0.8227085315572471,0.8134280180761781,0.8244422890397672,0.8327425072510474,0.8197256694970607,0.8226094030842601,0.006303377626377582
36.88142838478088,1.9740660578015963,0.009999895095825195,0.0006322606399507798,tanh,0.01,32,"(200, 150, 100)",0.001,500,adam,"{'activation': 'tanh', 'alpha': 0.01, 'batch_size': 32, 'hidden_layer_sizes': (200, 150, 100), 'learning_rate_init': 0.001, 'max_iter': 500, 'solver': 'adam'}",0.6692015209125475,0.7125,0.7048567870485679,0.6743886743886743,0.676056338028169,0.6874006640755917,0.017685628708336145,141,0.9459709786971288,0.944375,0.9456145866079849,0.9449311639549437,0.9428841905964026,0.944755183971292,0.001085620073771729
103.95368103981018,0.7414250257708778,0.009798955917358399,0.000400402049893471,tanh,0.01,32,"(200, 150, 100)",0.001,500,sgd,"{'activation': 'tanh', 'alpha': 0.01, 'batch_size': 32, 'hidden_layer_sizes': (200, 150, 100), 'learning_rate_init': 0.001, 'max_iter': 500, 'solver': 'sgd'}",0.6750948166877371,0.6879795396419437,0.6844106463878327,0.6810673443456162,0.674074074074074,0.6805252842274407,0.005330363631431632,159,0.9053161371500472,0.9026158209895997,0.9152221872045383,0.9073783359497645,0.9280597944565556,0.911718455150101,0.009186944734184896
9.247628879547118,0.2580253806561831,0.0034009933471679686,0.0004903113502775146,tanh,0.01,64,"(50,)",0.001,500,adam,"{'activation': 'tanh', 'alpha': 0.01, 'batch_size': 64, 'hidden_layer_sizes': (50,), 'learning_rate_init': 0.001, 'max_iter': 500, 'solver': 'adam'}",0.6649550706033376,0.7258883248730964,0.7171717171717171,0.6710353866317169,0.6886912325285895,0.6935483463616915,0.024297893685381614,125,0.8545166402535658,0.8551637279596978,0.8623442989460236,0.8605906637027628,0.8597657486546375,0.8584762159033374,0.0030901995515276886
2.607808256149292,1.5637287579407777,0.003399944305419922,0.0004887340027992633,tanh,0.01,64,"(50,)",0.001,500,sgd,"{'activation': 'tanh', 'alpha': 0.01, 'batch_size': 64, 'hidden_layer_sizes': (50,), 'learning_rate_init': 0.001, 'max_iter': 500, 'solver': 'sgd'}",0.7463479415670651,0.7631241997439181,0.7423469387755102,0.7231788079470198,0.7312661498708011,0.7412528075808629,0.01365223867020132,23,0.7514563106796116,0.7441558441558441,0.74609375,0.7583979328165374,0.7535575679172057,0.7507322811138397,0.005138758105165255
12.293840456008912,0.06398161360724837,0.005599546432495117,0.0020582282104444996,tanh,0.01,64,"(100,)",0.001,500,adam,"{'activation': 'tanh', 'alpha': 0.01, 'batch_size': 64, 'hidden_layer_sizes': (100,), 'learning_rate_init': 0.001, 'max_iter': 500, 'solver': 'adam'}",0.6735751295336787,0.6925064599483204,0.7022332506203474,0.694980694980695,0.6932668329177057,0.6913124736001495,0.0095139657041181,132,0.8961992973490898,0.8904369854338189,0.8938442211055276,0.8979336255479023,0.9043315674665005,0.8965491393805678,0.004632070531644512
1.654804515838623,0.7694504911375928,0.004199886322021484,0.0003990416138758206,tanh,0.01,64,"(100,)",0.001,500,sgd,"{'activation': 'tanh', 'alpha': 0.01, 'batch_size': 64, 'hidden_layer_sizes': (100,), 'learning_rate_init': 0.001, 'max_iter': 500, 'solver': 'sgd'}",0.7424042272126816,0.7583547557840618,0.7376425855513308,0.7347480106100795,0.7307692307692307,0.7407837619854769,0.009570306684320016,31,0.7441709844559585,0.740909090909091,0.7412951513179303,0.7461139896373057,0.7453135100193924,0.7435605452679356,0.0021037024283557092
11.064235544204712,0.6978223834606759,0.0054012775421142575,0.0004913256034530096,tanh,0.01,64,"(100, 50)",0.001,500,adam,"{'activation': 'tanh', 'alpha': 0.01, 'batch_size': 64, 'hidden_layer_sizes': (100, 50), 'learning_rate_init': 0.001, 'max_iter': 500, 'solver': 'adam'}",0.6725219573400251,0.706601466992665,0.6893203883495146,0.6774193548387096,0.6961869618696187,0.6884100258781066,0.012373064251323406,138,0.9473684210526315,0.9477635283077885,0.9475620975160993,0.9495199752245277,0.9482491478153083,0.9480926339832711,0.0007715002859559272
18.20625729560852,0.10859991074662526,0.0052001953125,0.0003992125398829294,tanh,0.01,64,"(100, 50)",0.001,500,sgd,"{'activation': 'tanh', 'alpha': 0.01, 'batch_size': 64, 'hidden_layer_sizes': (100, 50), 'learning_rate_init': 0.001, 'max_iter': 500, 'solver': 'sgd'}",0.7211413748378729,0.7418546365914787,0.7427122940430925,0.7296587926509186,0.7193877551020408,0.7309509706450807,0.009887613531155467,85,0.7927870926921861,0.7870637207813,0.7900287631831256,0.7924286172601861,0.7962664950112649,0.7917149377856126,0.0030611282928287385
30.213080215454102,2.6492486504498385,0.010200214385986329,0.0007494287831321764,tanh,0.01,64,"(250, 100)",0.001,500,adam,"{'activation': 'tanh', 'alpha': 0.01, 'batch_size': 64, 'hidden_layer_sizes': (250, 100), 'learning_rate_init': 0.001, 'max_iter': 500, 'solver': 'adam'}",0.6539440203562341,0.6896551724137931,0.7004950495049505,0.6683738796414853,0.6666666666666666,0.6758269577166259,0.016840763204920933,170,0.9493316754740442,0.9493201483312732,0.944688874921433,0.9485570890840652,0.9451316206787187,0.9474058816979068,0.0020616869725823017
59.077544403076175,0.8268747858140506,0.00879683494567871,0.00039990816409392875,tanh,0.01,64,"(250, 100)",0.001,500,sgd,"{'activation': 'tanh', 'alpha': 0.01, 'batch_size': 64, 'hidden_layer_sizes': (250, 100), 'learning_rate_init': 0.001, 'max_iter': 500, 'solver': 'sgd'}",0.7421875,0.7590511860174781,0.7481108312342569,0.7409326424870466,0.7295918367346939,0.7439747992946952,0.009630399427163143,2,0.7897077509529861,0.7798135647701704,0.7831363781539444,0.7900063251106895,0.7889558870199936,0.7863239812015568,0.004110542979513769
37.479868507385255,6.595158791819588,0.011999845504760742,0.0014147877652495992,tanh,0.01,64,"(200, 150, 100)",0.001,500,adam,"{'activation': 'tanh', 'alpha': 0.01, 'batch_size': 64, 'hidden_layer_sizes': (200, 150, 100), 'learning_rate_init': 0.001, 'max_iter': 500, 'solver': 'adam'}",0.6835443037974683,0.7146282973621103,0.7090216010165185,0.6745406824146981,0.6581306017925737,0.6879730972766737,0.021185644756320846,140,0.947335618572764,0.9492974954184484,0.9467045096184169,0.9507174048658765,0.9474015748031496,0.948291320655731,0.0014913923474097616
102.13473300933838,11.850109328704628,0.012399387359619141,0.00279941571427275,tanh,0.01,64,"(200, 150, 100)",0.001,500,sgd,"{'activation': 'tanh', 'alpha': 0.01, 'batch_size': 64, 'hidden_layer_sizes': (200, 150, 100), 'learning_rate_init': 0.001, 'max_iter': 500, 'solver': 'sgd'}",0.7163029525032092,0.7318932655654383,0.7186700767263428,0.7012987012987013,0.6974358974358974,0.7131201787059178,0.012482821911438024,103,0.8125786163522013,0.8115117014547755,0.8084552845528455,0.8235672891178365,0.807865892972276,0.812795756889987,0.005672126819211397
6.326105546951294,0.05069618478026184,0.002999544143676758,1.087356019114626e-06,tanh,0.01,128,"(50,)",0.001,500,adam,"{'activation': 'tanh', 'alpha': 0.01, 'batch_size': 128, 'hidden_layer_sizes': (50,), 'learning_rate_init': 0.001, 'max_iter': 500, 'solver': 'adam'}",0.6866059817945384,0.7202007528230866,0.718078381795196,0.7075,0.7053020961775586,0.7075374425180759,0.0119548739177805,109,0.8446265364008825,0.8493150684931506,0.8519333542911034,0.8540573896945387,0.8485225505443235,0.8496909798847998,0.0032015278197910367
0.6944122314453125,0.035707727825264345,0.003199005126953125,0.0009798322732850547,tanh,0.01,128,"(50,)",0.001,500,sgd,"{'activation': 'tanh', 'alpha': 0.01, 'batch_size': 128, 'hidden_layer_sizes': (50,), 'learning_rate_init': 0.001, 'max_iter': 500, 'solver': 'sgd'}",0.7430093209054593,0.7582697201017812,0.7439490445859872,0.7424042272126816,0.7235142118863049,0.7422293049384429,0.011055732935708934,12,0.7457078069322968,0.7439896036387265,0.7437316834907196,0.7430240103828682,0.7472527472527473,0.7447411703394717,0.0015345982805882545
8.199537229537963,0.03806705979713463,0.0035999298095703127,0.0004906029054336431,tanh,0.01,128,"(100,)",0.001,500,adam,"{'activation': 'tanh', 'alpha': 0.01, 'batch_size': 128, 'hidden_layer_sizes': (100,), 'learning_rate_init': 0.001, 'max_iter': 500, 'solver': 'adam'}",0.675224646983312,0.7229219143576826,0.6992481203007519,0.6841415465268676,0.7055900621118012,0.6974252580560831,0.016669675813218824,120,0.8867745004757374,0.8785283856644466,0.8769675554127851,0.8878357030015798,0.8902704382965496,0.8840753165702196,0.0053121435262531045
0.8340141773223877,0.06666782001474436,0.0039997100830078125,1.1384331117928812e-06,tanh,0.01,128,"(100,)",0.001,500,sgd,"{'activation': 'tanh', 'alpha': 0.01, 'batch_size': 128, 'hidden_layer_sizes': (100,), 'learning_rate_init': 0.001, 'max_iter': 500, 'solver': 'sgd'}",0.7354497354497355,0.7603092783505154,0.7385786802030457,0.7344782034346103,0.7291399229781772,0.7395911640832168,0.010796180998450661,42,0.7436893203883496,0.7392290249433107,0.7416096448354513,0.7396815079623009,0.7434487220964089,0.7415316440451643,0.0018472627226859076
11.290588188171387,0.19338467755624547,0.004400062561035156,0.0004903308730586235,tanh,0.01,128,"(100, 50)",0.001,500,adam,"{'activation': 'tanh', 'alpha': 0.01, 'batch_size': 128, 'hidden_layer_sizes': (100, 50), 'learning_rate_init': 0.001, 'max_iter': 500, 'solver': 'adam'}",0.6372155287817939,0.6879795396419437,0.7051442910915935,0.6683480453972257,0.6666666666666666,0.6730708143158446,0.022803057503032454,174,0.9452098686318487,0.944710770214126,0.9478643216080402,0.9486692015209125,0.9478908188585607,0.9468689961666976,0.0015928701833094676
3.7432618618011473,0.7762092768707508,0.004200172424316406,0.0003998522361567376,tanh,0.01,128,"(100, 50)",0.001,500,sgd,"{'activation': 'tanh', 'alpha': 0.01, 'batch_size': 128, 'hidden_layer_sizes': (100, 50), 'learning_rate_init': 0.001, 'max_iter': 500, 'solver': 'sgd'}",0.7433862433862434,0.7570332480818415,0.7468354430379747,0.7294429708222812,0.7295918367346939,0.741257948412607,0.010584800636633678,22,0.7485455720749838,0.7437641723356009,0.7463651050080775,0.7491097442538038,0.7492720802329343,0.74741133478108,0.00209904041190955
17.19828853607178,1.2565883170309122,0.007999324798583984,4.4220058896521113e-07,tanh,0.01,128,"(250, 100)",0.001,500,adam,"{'activation': 'tanh', 'alpha': 0.01, 'batch_size': 128, 'hidden_layer_sizes': (250, 100), 'learning_rate_init': 0.001, 'max_iter': 500, 'solver': 'adam'}",0.6579634464751958,0.7044334975369458,0.7081807081807082,0.6657997399219766,0.6788321167883211,0.6830419017806296,0.02016682083011785,151,0.9463662329419232,0.9485821128077283,0.9476600985221675,0.9488958990536278,0.9465648854961832,0.947613845764326,0.001023737898128474
7.742129468917847,4.967815035914425,0.008199691772460938,0.0004011400351722323,tanh,0.01,128,"(250, 100)",0.001,500,sgd,"{'activation': 'tanh', 'alpha': 0.01, 'batch_size': 128, 'hidden_layer_sizes': (250, 100), 'learning_rate_init': 0.001, 'max_iter': 500, 'solver': 'sgd'}",0.7470198675496689,0.7583547557840618,0.7426376440460948,0.7308707124010554,0.7300771208226221,0.7417920201207007,0.01057245013314744,15,0.7425968109339408,0.7393703343070431,0.7419249592169658,0.7482993197278912,0.7564599483204134,0.7457302745012508,0.006106942790898209
17.19962110519409,1.900679060689428,0.010398340225219727,0.0004897311549446402,tanh,0.01,128,"(200, 150, 100)",0.001,500,adam,"{'activation': 'tanh', 'alpha': 0.01, 'batch_size': 128, 'hidden_layer_sizes': (200, 150, 100), 'learning_rate_init': 0.001, 'max_iter': 500, 'solver': 'adam'}",0.6810126582278481,0.7135678391959799,0.7235079171741778,0.6727272727272727,0.6666666666666666,0.691496470798389,0.02276220682393911,130,0.9494260006205398,0.9486780715396579,0.9475942384308919,0.9505632040050063,0.9472039987503905,0.9486931026692973,0.0012214399242995227
53.89743084907532,1.5320189322271653,0.010798120498657226,0.0011698904756739477,tanh,0.01,128,"(200, 150, 100)",0.001,500,sgd,"{'activation': 'tanh', 'alpha': 0.01, 'batch_size': 128, 'hidden_layer_sizes': (200, 150, 100), 'learning_rate_init': 0.001, 'max_iter': 500, 'solver': 'sgd'}",0.7372549019607844,0.754950495049505,0.7493670886075949,0.7347994825355757,0.7325728770595691,0.7417889690426058,0.008774972368569148,16,0.7680461982675649,0.7737642585551331,0.7781678902010852,0.7779874213836478,0.7805343511450382,0.7757000239104939,0.004405031339785388
16.50215892791748,7.6491426802383975,0.004999589920043945,1.0271386732357986e-06,logistic,0.001,32,"(50,)",0.001,500,adam,"{'activation': 'logistic', 'alpha': 0.001, 'batch_size': 32, 'hidden_layer_sizes': (50,), 'learning_rate_init': 0.001, 'max_iter': 500, 'solver': 'adam'}",0.7197943444730077,0.7641866330390921,0.7146596858638743,0.718421052631579,0.7211055276381909,0.7276334487291487,0.018403191882105673,91,0.8111888111888111,0.7420069642291864,0.8123778501628665,0.8137003841229193,0.8105867346938775,0.7979721488795322,0.028002897864857764
2.726418447494507,0.16661846923820378,0.005801153182983398,0.00039992382205992686,logistic,0.001,32,"(50,)",0.001,500,sgd,"{'activation': 'logistic', 'alpha': 0.001, 'batch_size': 32, 'hidden_layer_sizes': (50,), 'learning_rate_init': 0.001, 'max_iter': 500, 'solver': 'sgd'}",0.7397622192866579,0.7573812580231065,0.7418546365914787,0.7385019710906702,0.7270375161707633,0.7409075202325353,0.00971345931987158,30,0.7394411955815464,0.7380336351875808,0.7415009621552278,0.7386623164763458,0.7438709677419355,0.7403018154285272,0.002133075997197718
6.784855461120605,10.731579154521963,0.008800029754638672,0.00040042438333873226,logistic,0.001,32,"(100,)",0.001,500,adam,"{'activation': 'logistic', 'alpha': 0.001, 'batch_size': 32, 'hidden_layer_sizes': (100,), 'learning_rate_init': 0.001, 'max_iter': 500, 'solver': 'adam'}",0.7386215864759428,0.7663316582914573,0.7180156657963447,0.7379400260756193,0.7327478042659975,0.7387313481810723,0.015667531081472,50,0.7463930747034306,0.7383739322999051,0.81247947454844,0.7432082794307892,0.7470031545741325,0.7574915831113395,0.027663512298107193
4.160843086242676,0.39109914011803776,0.010199737548828126,0.0004000927003695124,logistic,0.001,32,"(100,)",0.001,500,sgd,"{'activation': 'logistic', 'alpha': 0.001, 'batch_size': 32, 'hidden_layer_sizes': (100,), 'learning_rate_init': 0.001, 'max_iter': 500, 'solver': 'sgd'}",0.7413127413127413,0.7573812580231065,0.7424242424242424,0.7328042328042328,0.7275064267352185,0.7402857802599083,0.010170235574703822,34,0.7462781121317706,0.737895416397676,0.7422480620155039,0.7358057105349524,0.745349583066068,0.7415153768291941,0.004089645836228037
21.0405855178833,19.139668504069412,0.011399030685424805,0.0004893001481315703,logistic,0.001,32,"(100, 50)",0.001,500,adam,"{'activation': 'logistic', 'alpha': 0.001, 'batch_size': 32, 'hidden_layer_sizes': (100, 50), 'learning_rate_init': 0.001, 'max_iter': 500, 'solver': 'adam'}",0.7372549019607844,0.7650834403080873,0.7157360406091371,0.6928104575163399,0.7277486910994765,0.7277267062987651,0.023871460217025135,90,0.7496033005395113,0.7385216541843048,0.8491228070175438,0.8531873792659369,0.7456285054437479,0.7872127292902089,0.052345104379415745
9.82246561050415,0.8043940133986514,0.013605833053588867,0.0004970835149145012,logistic,0.001,32,"(100, 50)",0.001,500,sgd,"{'activation': 'logistic', 'alpha': 0.001, 'batch_size': 32, 'hidden_layer_sizes': (100, 50), 'learning_rate_init': 0.001, 'max_iter': 500, 'solver': 'sgd'}",0.7369791666666666,0.7557840616966581,0.740276035131744,0.7421875,0.7293519695044473,0.7409157465999032,0.00862914808742665,29,0.7454370797310279,0.7362991618310767,0.7419768934531451,0.7381416504223521,0.7461832061068703,0.7416075983088944,0.003896916375242943
11.354076194763184,2.422876452203455,0.02579970359802246,0.00040028212757473193,logistic,0.001,32,"(250, 100)",0.001,500,adam,"{'activation': 'logistic', 'alpha': 0.001, 'batch_size': 32, 'hidden_layer_sizes': (250, 100), 'learning_rate_init': 0.001, 'max_iter': 500, 'solver': 'adam'}",0.7328042328042328,0.7597911227154047,0.7379400260756193,0.7210884353741497,0.7317073170731707,0.7366662268085153,0.012794973581077453,65,0.7467616580310881,0.7335319430652102,0.7397622192866579,0.7357166722352155,0.7440957618893562,0.7399736509015056,0.004954412383494472
26.870379209518433,1.407413018773544,0.03060011863708496,0.0004905060332183458,logistic,0.001,32,"(250, 100)",0.001,500,sgd,"{'activation': 'logistic', 'alpha': 0.001, 'batch_size': 32, 'hidden_layer_sizes': (250, 100), 'learning_rate_init': 0.001, 'max_iter': 500, 'solver': 'sgd'}",0.7380645161290322,0.7651515151515151,0.7456359102244389,0.741222366710013,0.7265625,0.7433273616429998,0.012608030816878751,5,0.7459562321598477,0.7374762206721623,0.7421825143586471,0.7395664833387253,0.7429497568881686,0.7416262414835103,0.0029077561157971657
17.032104301452637,2.3539901133825407,0.03179931640625,0.0007485836613261922,logistic,0.001,32,"(200, 150, 100)",0.001,500,adam,"{'activation': 'logistic', 'alpha': 0.001, 'batch_size': 32, 'hidden_layer_sizes': (200, 150, 100), 'learning_rate_init': 0.001, 'max_iter': 500, 'solver': 'adam'}",0.7328859060402685,0.7415426251691475,0.7453874538745388,0.7331606217616581,0.7323232323232324,0.737059967833769,0.00537597610650315,63,0.7415656731084179,0.7183049670024314,0.7470866141732283,0.7475389012384884,0.7481693728112067,0.7405331056667545,0.011362205465848162
41.02479701042175,27.7079919044058,0.03880023956298828,0.0004007827803023993,logistic,0.001,32,"(200, 150, 100)",0.001,500,sgd,"{'activation': 'logistic', 'alpha': 0.001, 'batch_size': 32, 'hidden_layer_sizes': (200, 150, 100), 'learning_rate_init': 0.001, 'max_iter': 500, 'solver': 'sgd'}",0.7376425855513308,0.0,0.7456359102244389,0.0,0.7237354085603113,0.4414027808672162,0.36047201318617844,175,0.745625,0.0,0.7417091836734694,0.0,0.7423213708373747,0.4459311109021688,0.3641036646396824
8.728993034362793,6.515929217039144,0.0054019451141357425,0.0004896102454613403,logistic,0.001,64,"(50,)",0.001,500,adam,"{'activation': 'logistic', 'alpha': 0.001, 'batch_size': 64, 'hidden_layer_sizes': (50,), 'learning_rate_init': 0.001, 'max_iter': 500, 'solver': 'adam'}",0.7148488830486203,0.7552795031055901,0.7361647361647362,0.7212681638044914,0.7279693486590039,0.7311061269564884,0.014006173768129999,84,0.79404309252218,0.7935093859370028,0.7404754151742103,0.7965451055662188,0.7471190781049936,0.7743384154609212,0.025046087946142777
3.0934898853302,0.1942067836445372,0.005808019638061523,0.0004030729516228241,logistic,0.001,64,"(50,)",0.001,500,sgd,"{'activation': 'logistic', 'alpha': 0.001, 'batch_size': 64, 'hidden_layer_sizes': (50,), 'learning_rate_init': 0.001, 'max_iter': 500, 'solver': 'sgd'}",0.7387862796833773,0.7541827541827542,0.7401774397972116,0.7394736842105263,0.7246753246753247,0.7394590965098388,0.009341465808808236,44,0.7414855660071359,0.7370801033591732,0.7395394096659098,0.7385919165580183,0.7440051847051199,0.7401404360590714,0.002402933135931946
5.4019793510437015,8.121659268536048,0.00879974365234375,0.0004174923333042289,logistic,0.001,64,"(100,)",0.001,500,adam,"{'activation': 'logistic', 'alpha': 0.001, 'batch_size': 64, 'hidden_layer_sizes': (100,), 'learning_rate_init': 0.001, 'max_iter': 500, 'solver': 'adam'}",0.7419768934531451,0.759235668789809,0.7284768211920529,0.7354497354497355,0.7309644670050761,0.7392207171779637,0.011009196762274598,46,0.7475513428120063,0.7375886524822695,0.7813547954393025,0.7379784102060843,0.7482561826252377,0.75054587671298,0.01605758561896231
5.2403675556182865,0.2811494878438857,0.009798955917358399,0.0004009989688698197,logistic,0.001,64,"(100,)",0.001,500,sgd,"{'activation': 'logistic', 'alpha': 0.001, 'batch_size': 64, 'hidden_layer_sizes': (100,), 'learning_rate_init': 0.001, 'max_iter': 500, 'solver': 'sgd'}",0.7337748344370861,0.7535483870967742,0.7401774397972116,0.7371202113606341,0.7232375979112271,0.7375716941205865,0.009819683531199075,57,0.7389610389610389,0.7367741935483871,0.7407886231415644,0.735632183908046,0.7407890446690577,0.7385890168456188,0.0020906092583895587
11.826594114303589,11.304509815204176,0.011799383163452148,0.000400450599272113,logistic,0.001,64,"(100, 50)",0.001,500,adam,"{'activation': 'logistic', 'alpha': 0.001, 'batch_size': 64, 'hidden_layer_sizes': (100, 50), 'learning_rate_init': 0.001, 'max_iter': 500, 'solver': 'adam'}",0.7260083449235049,0.7528809218950064,0.7324675324675325,0.6871657754010695,0.7321428571428571,0.726133086365994,0.021494911686049955,92,0.7324324324324324,0.7395394096659098,0.7376400791034937,0.8118421052631579,0.7488702388637831,0.7540648530657554,0.02937317897783661
12.742026901245117,0.8174415759439023,0.013600826263427734,0.0004893000087240664,logistic,0.001,64,"(100, 50)",0.001,500,sgd,"{'activation': 'logistic', 'alpha': 0.001, 'batch_size': 64, 'hidden_layer_sizes': (100, 50), 'learning_rate_init': 0.001, 'max_iter': 500, 'solver': 'sgd'}",0.7365661861074705,0.7557840616966581,0.7389659520807061,0.7375328083989501,0.7249357326478149,0.7387569481863199,0.009872084205361812,49,0.7419974391805377,0.736741214057508,0.7401220687439769,0.7371502927781393,0.745751843539596,0.7403525716599516,0.0033228707875720682
12.790222263336181,0.7746837029016052,0.026000404357910158,1.3621193749509527e-06,logistic,0.001,64,"(250, 100)",0.001,500,adam,"{'activation': 'logistic', 'alpha': 0.001, 'batch_size': 64, 'hidden_layer_sizes': (250, 100), 'learning_rate_init': 0.001, 'max_iter': 500, 'solver': 'adam'}",0.736,0.7606727037516171,0.7289473684210527,0.7216216216216216,0.7340823970037453,0.7362648181596073,0.01317988046499817,69,0.7446254071661238,0.7357072852009148,0.7389424675756568,0.7392455327597618,0.7484197218710493,0.7413880829147013,0.004533590915361518
34.03184051513672,2.4440780039765455,0.030600976943969727,0.0004904278957783754,logistic,0.001,64,"(250, 100)",0.001,500,sgd,"{'activation': 'logistic', 'alpha': 0.001, 'batch_size': 64, 'hidden_layer_sizes': (250, 100), 'learning_rate_init': 0.001, 'max_iter': 500, 'solver': 'sgd'}",0.7387862796833773,0.7470817120622568,0.7409326424870466,0.7335092348284961,0.7260812581913499,0.7372782254505053,0.007089636200884053,60,0.7420609202851588,0.7368421052631579,0.7373271889400922,0.7384615384615385,0.7385728378822756,0.7386529181664445,0.001827244856982103
14.968744611740112,1.843640541776651,0.03239898681640625,0.0004877022853527529,logistic,0.001,64,"(200, 150, 100)",0.001,500,adam,"{'activation': 'logistic', 'alpha': 0.001, 'batch_size': 64, 'hidden_layer_sizes': (200, 150, 100), 'learning_rate_init': 0.001, 'max_iter': 500, 'solver': 'adam'}",0.735873850197109,0.7612121212121212,0.7277556440903055,0.7329842931937173,0.7312101910828025,0.737807219955211,0.011994523011152518,56,0.745186136071887,0.7484737484737485,0.7367716008037508,0.7479312539783577,0.7475915221579962,0.7451908522971481,0.004357390099895836
5.564732599258423,0.4888938207483193,0.03899965286254883,0.0006328634176511063,logistic,0.001,64,"(200, 150, 100)",0.001,500,sgd,"{'activation': 'logistic', 'alpha': 0.001, 'batch_size': 64, 'hidden_layer_sizes': (200, 150, 100), 'learning_rate_init': 0.001, 'max_iter': 500, 'solver': 'sgd'}",0.0,0.0,0.0,0.0,0.0,0.0,0.0,177,0.0,0.0,0.0,0.0,0.0,0.0,0.0
1.0250242233276368,0.22982801192057073,0.005800437927246094,0.0003999235093614491,logistic,0.001,128,"(50,)",0.001,500,adam,"{'activation': 'logistic', 'alpha': 0.001, 'batch_size': 128, 'hidden_layer_sizes': (50,), 'learning_rate_init': 0.001, 'max_iter': 500, 'solver': 'adam'}",0.7402597402597403,0.76010101010101,0.7484355444305382,0.7382198952879581,0.7298335467349552,0.7433699473628403,0.010247139118384445,4,0.7450224791265254,0.7421503330161751,0.7456869009584665,0.7431340872374798,0.7449340623994853,0.7441855725476264,0.0013238170557272843
3.9814940452575684,0.20793955935938058,0.0056003093719482425,0.0004901545880167128,logistic,0.001,128,"(50,)",0.001,500,sgd,"{'activation': 'logistic', 'alpha': 0.001, 'batch_size': 128, 'hidden_layer_sizes': (50,), 'learning_rate_init': 0.001, 'max_iter': 500, 'solver': 'sgd'}",0.7380952380952381,0.751937984496124,0.7401774397972116,0.7342105263157894,0.7185473411154345,0.7365937059639596,0.01078791416431401,66,0.7383116883116884,0.7383419689119171,0.7392010392984736,0.7396991497710922,0.7424684159378037,0.7396044524461951,0.0015257195295436234
1.2062289714813232,0.17108193303165065,0.009199571609497071,0.0004016402355638184,logistic,0.001,128,"(100,)",0.001,500,adam,"{'activation': 'logistic', 'alpha': 0.001, 'batch_size': 128, 'hidden_layer_sizes': (100,), 'learning_rate_init': 0.001, 'max_iter': 500, 'solver': 'adam'}",0.741514360313316,0.7571059431524548,0.7365728900255755,0.7335092348284961,0.7307692307692307,0.7398943318178146,0.009315932216907295,39,0.7458937198067633,0.7340702210663199,0.741222366710013,0.7369451697127938,0.7463744763132453,0.740901190721827,0.0048435029576313895
6.804928493499756,0.254822342109554,0.009800243377685546,0.0004006865052087765,logistic,0.001,128,"(100,)",0.001,500,sgd,"{'activation': 'logistic', 'alpha': 0.001, 'batch_size': 128, 'hidden_layer_sizes': (100,), 'learning_rate_init': 0.001, 'max_iter': 500, 'solver': 'sgd'}",0.7354497354497355,0.7474226804123711,0.7388535031847133,0.7306176084099869,0.7204161248374512,0.7345519304588516,0.00894724177200722,78,0.7396103896103896,0.7376253639598835,0.7349476439790575,0.7387328543435663,0.7417779225008141,0.7385388348787423,0.0022542689687206495
12.412012958526612,9.78742511891729,0.01240077018737793,0.0004893777361856868,logistic,0.001,128,"(100, 50)",0.001,500,adam,"{'activation': 'logistic', 'alpha': 0.001, 'batch_size': 128, 'hidden_layer_sizes': (100, 50), 'learning_rate_init': 0.001, 'max_iter': 500, 'solver': 'adam'}",0.7364130434782609,0.7580853816300129,0.7426376440460948,0.7058823529411765,0.728923476005188,0.7343883796201467,0.01718229472512981,80,0.740495867768595,0.7373241740268237,0.7450726978998384,0.7897727272727273,0.743421052631579,0.7512173039199126,0.019457783216906104
19.847746753692626,0.6340389827683308,0.013600349426269531,0.0004909549281752412,logistic,0.001,128,"(100, 50)",0.001,500,sgd,"{'activation': 'logistic', 'alpha': 0.001, 'batch_size': 128, 'hidden_layer_sizes': (100, 50), 'learning_rate_init': 0.001, 'max_iter': 500, 'solver': 'sgd'}",0.7374005305039788,0.7464607464607464,0.7364438839848676,0.7310704960835509,0.7227979274611399,0.7348347168988567,0.007789621811810594,76,0.7376253639598835,0.7377260981912145,0.7403100775193798,0.7392290249433107,0.7440051847051199,0.7397791498637817,0.002336566154589592
9.60936598777771,2.41297847452886,0.0261995792388916,0.0004000671714074608,logistic,0.001,128,"(250, 100)",0.001,500,adam,"{'activation': 'logistic', 'alpha': 0.001, 'batch_size': 128, 'hidden_layer_sizes': (250, 100), 'learning_rate_init': 0.001, 'max_iter': 500, 'solver': 'adam'}",0.7405475880052151,0.7604562737642585,0.720108695652174,0.7235772357723578,0.7312101910828025,0.7351799968553616,0.01445841451685169,74,0.7507145125436646,0.7413793103448276,0.7298126064735946,0.7378898473788985,0.7483080889461811,0.7416208731374333,0.007494360550724462
47.929260921478274,2.115610524747827,0.03039870262145996,0.0007980587430954835,logistic,0.001,128,"(250, 100)",0.001,500,sgd,"{'activation': 'logistic', 'alpha': 0.001, 'batch_size': 128, 'hidden_layer_sizes': (250, 100), 'learning_rate_init': 0.001, 'max_iter': 500, 'solver': 'sgd'}",0.7313829787234043,0.751937984496124,0.7414880201765448,0.7306176084099869,0.7239583333333334,0.7358769850278788,0.009791330988664557,71,0.7394411955815464,0.737183646982479,0.7396640826873385,0.7387328543435663,0.7421138211382113,0.7394271201466284,0.0015993679017224818
14.593194437026977,1.800285825104212,0.031998729705810545,0.0006345228472535768,logistic,0.001,128,"(200, 150, 100)",0.001,500,adam,"{'activation': 'logistic', 'alpha': 0.001, 'batch_size': 128, 'hidden_layer_sizes': (200, 150, 100), 'learning_rate_init': 0.001, 'max_iter': 500, 'solver': 'adam'}",0.7318361955085865,0.7611749680715197,0.7332457293035479,0.72751677852349,0.7127659574468085,0.7333079257707905,0.01571147194898845,82,0.7459703417150225,0.7379713914174252,0.7378898473788985,0.7397891963109354,0.7350253807106599,0.7393292315065884,0.0036538910895155164
3.2556410312652586,0.39619803879241394,0.03899960517883301,0.0008946831747228842,logistic,0.001,128,"(200, 150, 100)",0.001,500,sgd,"{'activation': 'logistic', 'alpha': 0.001, 'batch_size': 128, 'hidden_layer_sizes': (200, 150, 100), 'learning_rate_init': 0.001, 'max_iter': 500, 'solver': 'sgd'}",0.0,0.0,0.0,0.0,0.0,0.0,0.0,177,0.0,0.0,0.0,0.0,0.0,0.0,0.0
4.141852188110351,1.520733107024193,0.005599546432495117,0.0004905051988290901,logistic,0.01,32,"(50,)",0.001,500,adam,"{'activation': 'logistic', 'alpha': 0.01, 'batch_size': 32, 'hidden_layer_sizes': (50,), 'learning_rate_init': 0.001, 'max_iter': 500, 'solver': 'adam'}",0.7334235453315291,0.7626262626262627,0.7528230865746549,0.7368421052631579,0.7379134860050891,0.7447256971601387,0.01115610897502688,1,0.740862693447481,0.7395866454689984,0.7499197431781701,0.7531969309462916,0.7476755370310997,0.7462483100144082,0.0052379838031380525
2.7502396583557127,0.17120502597791012,0.005999326705932617,1.515412195403166e-06,logistic,0.01,32,"(50,)",0.001,500,sgd,"{'activation': 'logistic', 'alpha': 0.01, 'batch_size': 32, 'hidden_layer_sizes': (50,), 'learning_rate_init': 0.001, 'max_iter': 500, 'solver': 'sgd'}",0.7380952380952381,0.754813863928113,0.740276035131744,0.7385019710906702,0.7237354085603113,0.7390845033612153,0.009856421588218417,47,0.7394411955815464,0.7383720930232558,0.7418111753371869,0.7384213959556425,0.744756373023556,0.7405604465842375,0.002440789741219243
2.606423568725586,1.103488696826523,0.009600591659545899,0.0007988580921759355,logistic,0.01,32,"(100,)",0.001,500,adam,"{'activation': 'logistic', 'alpha': 0.01, 'batch_size': 32, 'hidden_layer_sizes': (100,), 'learning_rate_init': 0.001, 'max_iter': 500, 'solver': 'adam'}",0.7375328083989501,0.7626262626262627,0.745679012345679,0.7308707124010554,0.7320754716981132,0.7417568534940121,0.01167043568960314,17,0.7412407585985213,0.7398917542184018,0.7443324937027708,0.7401369416367786,0.7466077627011676,0.742441942171528,0.0026148641958991716
4.1718377590179445,0.38365139660521125,0.009801387786865234,0.0003998307294527684,logistic,0.01,32,"(100,)",0.001,500,sgd,"{'activation': 'logistic', 'alpha': 0.01, 'batch_size': 32, 'hidden_layer_sizes': (100,), 'learning_rate_init': 0.001, 'max_iter': 500, 'solver': 'sgd'}",0.7406451612903225,0.7557840616966581,0.739240506329114,0.7337748344370861,0.7275064267352185,0.7393901980976798,0.009413951718362939,45,0.7460417986067132,0.7374878915079108,0.740620957309185,0.7350427350427351,0.7455887070901508,0.740956417911339,0.00434589586047149
4.6002508163452145,1.056914211612567,0.01319890022277832,0.00039813533872389765,logistic,0.01,32,"(100, 50)",0.001,500,adam,"{'activation': 'logistic', 'alpha': 0.01, 'batch_size': 32, 'hidden_layer_sizes': (100, 50), 'learning_rate_init': 0.001, 'max_iter': 500, 'solver': 'adam'}",0.7380952380952381,0.7647058823529411,0.7327249022164276,0.7320954907161804,0.7318932655654383,0.7399029557892451,0.012610226887951164,38,0.7549279199764637,0.7501494321578004,0.737953795379538,0.736426456071076,0.7462496010213853,0.7451414409212527,0.0070667726255071745
10.022091293334961,0.6737735497634436,0.013801002502441406,0.00039894787086209487,logistic,0.01,32,"(100, 50)",0.001,500,sgd,"{'activation': 'logistic', 'alpha': 0.01, 'batch_size': 32, 'hidden_layer_sizes': (100, 50), 'learning_rate_init': 0.001, 'max_iter': 500, 'solver': 'sgd'}",0.7389033942558747,0.7557840616966581,0.7434292866082604,0.7441253263707572,0.7258485639686684,0.7416181265800438,0.009657007256002952,18,0.7449470644850819,0.735454837672774,0.7412855772305724,0.7376302083333334,0.7410071942446043,0.7400649763932732,0.0032678402515273525
12.235712623596191,3.033661587193558,0.02700047492980957,9.933789566039876e-07,logistic,0.01,32,"(250, 100)",0.001,500,adam,"{'activation': 'logistic', 'alpha': 0.01, 'batch_size': 32, 'hidden_layer_sizes': (250, 100), 'learning_rate_init': 0.001, 'max_iter': 500, 'solver': 'adam'}",0.7448609431680774,0.762130177514793,0.7421383647798742,0.7518248175182481,0.7156208277703605,0.7433150261502707,0.015473651704163014,6,0.7551080840983121,0.7467630231857875,0.7435897435897436,0.753309265944645,0.7370206990159485,0.7471581631668872,0.006583239954509029
31.728107166290282,8.725511217383941,0.029999685287475587,0.0006321857230358073,logistic,0.01,32,"(250, 100)",0.001,500,sgd,"{'activation': 'logistic', 'alpha': 0.01, 'batch_size': 32, 'hidden_layer_sizes': (250, 100), 'learning_rate_init': 0.001, 'max_iter': 500, 'solver': 'sgd'}",0.7416879795396419,0.7635903919089759,0.7415730337078652,0.7431551499348109,0.727509778357236,0.743503266689706,0.011544925471322002,3,0.7460617517328293,0.737710117348557,0.7417810405362273,0.7396373056994818,0.7422077922077922,0.7414796015049776,0.002800724639813105
17.28831877708435,2.6220533728994293,0.03439860343933106,0.0007978484786057127,logistic,0.01,32,"(200, 150, 100)",0.001,500,adam,"{'activation': 'logistic', 'alpha': 0.01, 'batch_size': 32, 'hidden_layer_sizes': (200, 150, 100), 'learning_rate_init': 0.001, 'max_iter': 500, 'solver': 'adam'}",0.7331670822942643,0.7591424968474149,0.7476415094339622,0.7423469387755102,0.7272727272727273,0.7419141509247759,0.011141708488667714,14,0.7517557251908397,0.7411838790931989,0.7547619047619047,0.7472388766172294,0.7424144609425436,0.7474709693211432,0.005228126241869476
40.98686485290527,27.36052319564192,0.039000940322875974,0.0010954532645890288,logistic,0.01,32,"(200, 150, 100)",0.001,500,sgd,"{'activation': 'logistic', 'alpha': 0.01, 'batch_size': 32, 'hidden_layer_sizes': (200, 150, 100), 'learning_rate_init': 0.001, 'max_iter': 500, 'solver': 'sgd'}",0.732824427480916,0.0,0.7384230287859824,0.0,0.7202072538860104,0.4382909420305817,0.35791170703790914,176,0.7461562598054596,0.0,0.7411426747526333,0.0,0.7427830035679532,0.4460163876252093,0.3641744440854096
2.037805271148682,1.8592117306983131,0.005601215362548828,0.0004910896421213506,logistic,0.01,64,"(50,)",0.001,500,adam,"{'activation': 'logistic', 'alpha': 0.01, 'batch_size': 64, 'hidden_layer_sizes': (50,), 'learning_rate_init': 0.001, 'max_iter': 500, 'solver': 'adam'}",0.7404479578392622,0.7570332480818415,0.7338501291989664,0.7347480106100795,0.7289002557544757,0.7389959202969252,0.009735501547737226,48,0.749598199935712,0.7378265075782006,0.7409579667644184,0.7371857655892915,0.7465643975711089,0.7424265674877463,0.004885433318802162
3.1052162647247314,0.13598563302326297,0.0058002471923828125,0.00040042432655555395,logistic,0.01,64,"(50,)",0.001,500,sgd,"{'activation': 'logistic', 'alpha': 0.01, 'batch_size': 64, 'hidden_layer_sizes': (50,), 'learning_rate_init': 0.001, 'max_iter': 500, 'solver': 'sgd'}",0.7387862796833773,0.7541827541827542,0.7401774397972116,0.7404479578392622,0.7256176853055917,0.7398424233616393,0.009050774644272308,40,0.7414855660071359,0.7369101486748546,0.7391304347826086,0.7381806325399413,0.7435980551053485,0.7398609674219777,0.002394563820299834
1.6880081176757813,0.3177521796767632,0.009401273727416993,0.0004892398832118184,logistic,0.01,64,"(100,)",0.001,500,adam,"{'activation': 'logistic', 'alpha': 0.01, 'batch_size': 64, 'hidden_layer_sizes': (100,), 'learning_rate_init': 0.001, 'max_iter': 500, 'solver': 'adam'}",0.7419768934531451,0.7593307593307593,0.7347994825355757,0.7368421052631579,0.7309644670050761,0.7407827415175429,0.009931580742072397,32,0.7476280834914611,0.7354754949691659,0.7373271889400922,0.7452980554670067,0.7484116899618806,0.7428281025659212,0.005378435118473396
5.230027151107788,0.28117243920238305,0.010000848770141601,0.0006328624835285516,logistic,0.01,64,"(100,)",0.001,500,sgd,"{'activation': 'logistic', 'alpha': 0.01, 'batch_size': 64, 'hidden_layer_sizes': (100,), 'learning_rate_init': 0.001, 'max_iter': 500, 'solver': 'sgd'}",0.7337748344370861,0.7535483870967742,0.7383059418457648,0.7337748344370861,0.7232375979112271,0.7365283191455877,0.009845296161483186,67,0.7389610389610389,0.7374193548387097,0.7397613673008707,0.7345597897503285,0.7407890446690577,0.7382981191040011,0.002169451598152532
3.9880217552185058,1.7666508189782473,0.01259927749633789,0.0004914806737152948,logistic,0.01,64,"(100, 50)",0.001,500,adam,"{'activation': 'logistic', 'alpha': 0.01, 'batch_size': 64, 'hidden_layer_sizes': (100, 50), 'learning_rate_init': 0.001, 'max_iter': 500, 'solver': 'adam'}",0.7344913151364765,0.7637698898408812,0.7228915662650602,0.7511961722488039,0.7392900856793145,0.7423278058341072,0.014048605825469997,10,0.7566909975669099,0.7453646477132262,0.731986531986532,0.7538461538461538,0.750924784217016,0.7477626230659676,0.008733382124546649
12.729467582702636,0.7265615440364046,0.014199924468994141,0.00039961347644819096,logistic,0.01,64,"(100, 50)",0.001,500,sgd,"{'activation': 'logistic', 'alpha': 0.01, 'batch_size': 64, 'hidden_layer_sizes': (100, 50), 'learning_rate_init': 0.001, 'max_iter': 500, 'solver': 'sgd'}",0.7375328083989501,0.7541827541827542,0.7373737373737373,0.7365661861074705,0.7249357326478149,0.7381182437421454,0.009329019258460029,55,0.7414290291573213,0.7365728900255755,0.7399291008701256,0.7360208062418726,0.7459910198845414,0.7399885692358874,0.003619886260802714
12.445264339447021,2.776203917036584,0.026999425888061524,0.0006320330637194468,logistic,0.01,64,"(250, 100)",0.001,500,adam,"{'activation': 'logistic', 'alpha': 0.01, 'batch_size': 64, 'hidden_layer_sizes': (250, 100), 'learning_rate_init': 0.001, 'max_iter': 500, 'solver': 'adam'}",0.7441253263707572,0.7639593908629442,0.726790450928382,0.7350199733688415,0.7451923076923077,0.7430174898446464,0.012424149181895737,7,0.7475263325885733,0.739961759082218,0.7358553732842317,0.7386736703873933,0.7521989687594783,0.7428432208203788,0.006065963090614693
35.52407021522522,3.5860288869128425,0.030600690841674806,0.0004899993254616371,logistic,0.01,64,"(250, 100)",0.001,500,sgd,"{'activation': 'logistic', 'alpha': 0.01, 'batch_size': 64, 'hidden_layer_sizes': (250, 100), 'learning_rate_init': 0.001, 'max_iter': 500, 'solver': 'sgd'}",0.7387862796833773,0.7470817120622568,0.74189364461738,0.7402597402597403,0.7246376811594203,0.7385318115564349,0.007489994276495803,52,0.7424684159378037,0.7367387033398821,0.7369114257490945,0.7403100775193798,0.7379855167873601,0.738882827866704,0.002199197437958813
15.976608180999756,1.4537102234206922,0.03319997787475586,0.0004006864200897258,logistic,0.01,64,"(200, 150, 100)",0.001,500,adam,"{'activation': 'logistic', 'alpha': 0.01, 'batch_size': 64, 'hidden_layer_sizes': (200, 150, 100), 'learning_rate_init': 0.001, 'max_iter': 500, 'solver': 'adam'}",0.7424042272126816,0.7665094339622641,0.7454323995127893,0.7220708446866485,0.7284595300261096,0.7409752870800986,0.015413776273074052,27,0.742040285899935,0.7536490914507,0.7466007416563659,0.7331536388140162,0.7424639580602883,0.743581543176261,0.006675878183307783
5.79161901473999,0.5673922068909277,0.039202642440795896,0.0003999768351310988,logistic,0.01,64,"(200, 150, 100)",0.001,500,sgd,"{'activation': 'logistic', 'alpha': 0.01, 'batch_size': 64, 'hidden_layer_sizes': (200, 150, 100), 'learning_rate_init': 0.001, 'max_iter': 500, 'solver': 'sgd'}",0.0,0.0,0.0,0.0,0.0,0.0,0.0,177,0.0,0.0,0.0,0.0,0.0,0.0,0.0
1.051426935195923,0.23654694929505563,0.005799674987792968,0.00039906560170990915,logistic,0.01,128,"(50,)",0.001,500,adam,"{'activation': 'logistic', 'alpha': 0.01, 'batch_size': 128, 'hidden_layer_sizes': (50,), 'learning_rate_init': 0.001, 'max_iter': 500, 'solver': 'adam'}",0.7389033942558747,0.7610619469026548,0.7484355444305382,0.7365661861074705,0.7298335467349552,0.7429601236862987,0.010837921848544776,8,0.7442907687359279,0.7415873015873016,0.745361484325016,0.741340239559728,0.744126166720309,0.7433411921856565,0.0015924449513527229
4.081346702575684,0.1873889205640338,0.006002235412597656,1.7675164215899125e-06,logistic,0.01,128,"(50,)",0.001,500,sgd,"{'activation': 'logistic', 'alpha': 0.01, 'batch_size': 128, 'hidden_layer_sizes': (50,), 'learning_rate_init': 0.001, 'max_iter': 500, 'solver': 'sgd'}",0.7380952380952381,0.751937984496124,0.7411167512690355,0.7342105263157894,0.7185473411154345,0.7367815682583243,0.010856645794341719,64,0.7387914230019493,0.7384116693679093,0.7394411955815464,0.7392868825646058,0.7424684159378037,0.7396799172907629,0.0014411845093562218
1.2200336933135987,0.17856692298334503,0.009199810028076173,0.0004011643622934118,logistic,0.01,128,"(100,)",0.001,500,adam,"{'activation': 'logistic', 'alpha': 0.01, 'batch_size': 128, 'hidden_layer_sizes': (100,), 'learning_rate_init': 0.001, 'max_iter': 500, 'solver': 'adam'}",0.7365661861074705,0.7554980595084088,0.7365728900255755,0.7328042328042328,0.7307692307692307,0.7384421198429836,0.008815636362291468,53,0.7457299387689333,0.7350928641251222,0.7408130081300813,0.7356020942408377,0.7464607464607464,0.7407397303451442,0.004814976178314937
6.918189525604248,0.29929447890920324,0.010194110870361327,0.00040374797578099527,logistic,0.01,128,"(100,)",0.001,500,sgd,"{'activation': 'logistic', 'alpha': 0.01, 'batch_size': 128, 'hidden_layer_sizes': (100,), 'learning_rate_init': 0.001, 'max_iter': 500, 'solver': 'sgd'}",0.7354497354497355,0.7483870967741936,0.7404580152671756,0.7306176084099869,0.7204161248374512,0.7350657161477085,0.009392334432054379,75,0.7396103896103896,0.7376253639598835,0.7345335515548281,0.7384916748285995,0.7417779225008141,0.7384077804909029,0.002384658868612857
5.651352977752685,2.658145937438224,0.012801742553710938,0.0004013070872063862,logistic,0.01,128,"(100, 50)",0.001,500,adam,"{'activation': 'logistic', 'alpha': 0.01, 'batch_size': 128, 'hidden_layer_sizes': (100, 50), 'learning_rate_init': 0.001, 'max_iter': 500, 'solver': 'adam'}",0.7371202113606341,0.7589743589743589,0.7443037974683544,0.728,0.7246376811594203,0.7386072097925536,0.012305638310089465,51,0.7438551099611902,0.7368421052631579,0.7450224791265254,0.7439739413680782,0.7428189712758851,0.7425025213989673,0.0029149686395557504
20.08054723739624,0.5987106780459117,0.01400136947631836,1.3571023436315258e-06,logistic,0.01,128,"(100, 50)",0.001,500,sgd,"{'activation': 'logistic', 'alpha': 0.01, 'batch_size': 128, 'hidden_layer_sizes': (100, 50), 'learning_rate_init': 0.001, 'max_iter': 500, 'solver': 'sgd'}",0.7374005305039788,0.7464607464607464,0.7364438839848676,0.7310704960835509,0.7227979274611399,0.7348347168988567,0.007789621811810594,76,0.7374554872126902,0.7377260981912145,0.7403100775193798,0.7383419689119171,0.7435980551053485,0.73948633738811,0.0022854821839039404
8.586826848983765,3.938811677595755,0.02740054130554199,0.0004895528843908551,logistic,0.01,128,"(250, 100)",0.001,500,adam,"{'activation': 'logistic', 'alpha': 0.01, 'batch_size': 128, 'hidden_layer_sizes': (250, 100), 'learning_rate_init': 0.001, 'max_iter': 500, 'solver': 'adam'}",0.7391874180865007,0.759748427672956,0.745679012345679,0.7121001390820584,0.7295918367346939,0.7372613667843776,0.01595082072177917,61,0.7455773560630428,0.7408343868520859,0.7451227186910007,0.7292023279698733,0.7468477206595538,0.7415169020471113,0.006481070733433337
49.63289341926575,1.5544685016801771,0.030599546432495118,0.0004898445428540214,logistic,0.01,128,"(250, 100)",0.001,500,sgd,"{'activation': 'logistic', 'alpha': 0.01, 'batch_size': 128, 'hidden_layer_sizes': (250, 100), 'learning_rate_init': 0.001, 'max_iter': 500, 'solver': 'sgd'}",0.7393617021276596,0.751937984496124,0.73989898989899,0.7306176084099869,0.7239583333333334,0.7371549236532189,0.009463880233199908,62,0.7400909681611436,0.7376623376623377,0.7399030694668821,0.7387328543435663,0.7423552374756018,0.7397488934219063,0.0015697047526720264
20.28560905456543,2.7907221615026803,0.032599782943725585,0.0007998231253502652,logistic,0.01,128,"(200, 150, 100)",0.001,500,adam,"{'activation': 'logistic', 'alpha': 0.01, 'batch_size': 128, 'hidden_layer_sizes': (200, 150, 100), 'learning_rate_init': 0.001, 'max_iter': 500, 'solver': 'adam'}",0.7270194986072424,0.7630208333333334,0.7208672086720868,0.7326478149100257,0.7291139240506329,0.7345338559146641,0.014749125446143175,79,0.7286245353159851,0.7326732673267327,0.7306247866165927,0.7489789506754634,0.7496022908049634,0.7381007661479475,0.009227859255957364
3.491669225692749,0.36655944290407305,0.03919978141784668,0.00039913846232453814,logistic,0.01,128,"(200, 150, 100)",0.001,500,sgd,"{'activation': 'logistic', 'alpha': 0.01, 'batch_size': 128, 'hidden_layer_sizes': (200, 150, 100), 'learning_rate_init': 0.001, 'max_iter': 500, 'solver': 'sgd'}",0.0,0.0,0.0,0.0,0.0,0.0,0.0,177,0.0,0.0,0.0,0.0,0.0,0.0,0.0
