max_depth,learning_rate,n_estimators,subsample,min_child_weight,reg_alpha,f1_score
6,0.03,100,0.6,5,0.0,0.7814183123877917
6,0.03,100,0.6,5,0.05,0.7802469135802469
6,0.03,100,0.6,5,0.1,0.7799730579254602
6,0.03,100,0.6,5,0.5,0.7799505506855473
6,0.03,100,0.6,10,0.0,0.7739896139083314
6,0.03,100,0.6,10,0.05,0.7749210645015787
6,0.03,100,0.6,10,0.1,0.772972972972973
6,0.03,100,0.6,10,0.5,0.7731773177317732
6,0.03,100,0.6,15,0.0,0.7697160883280757
6,0.03,100,0.6,15,0.05,0.7693693693693694
6,0.03,100,0.6,15,0.1,0.7688498762097682
6,0.03,100,0.6,15,0.5,0.7710626825432487
6,0.03,100,0.8,5,0.0,0.7803780378037803
6,0.03,100,0.8,5,0.05,0.7794548321694075
6,0.03,100,0.8,5,0.1,0.7804000899078445
6,0.03,100,0.8,5,0.5,0.7817487075747359
6,0.03,100,0.8,10,0.0,0.775326429536245
6,0.03,100,0.8,10,0.05,0.77665544332211
6,0.03,100,0.8,10,0.1,0.7774786899955137
6,0.03,100,0.8,10,0.5,0.7768557972639605
6,0.03,100,0.8,15,0.0,0.7731471052038748
6,0.03,100,0.8,15,0.05,0.7732005432322318
6,0.03,100,0.8,15,0.1,0.7739169675090253
6,0.03,100,0.8,15,0.5,0.7723577235772358
6,0.03,100,1.0,5,0.0,0.778001341381623
6,0.03,100,1.0,5,0.05,0.7783493625587117
6,0.03,100,1.0,5,0.1,0.7776531299080098
6,0.03,100,1.0,5,0.5,0.7774534022007635
6,0.03,100,1.0,10,0.0,0.7738042020563254
6,0.03,100,1.0,10,0.05,0.7751452838623156
6,0.03,100,1.0,10,0.1,0.7743234175799597
6,0.03,100,1.0,10,0.5,0.7746258655349565
6,0.03,100,1.0,15,0.0,0.772879838890132
6,0.03,100,1.0,15,0.05,0.7728085867620751
6,0.03,100,1.0,15,0.1,0.7724323114790781
6,0.03,100,1.0,15,0.5,0.7705357142857143
6,0.03,150,0.6,5,0.0,0.7832545577312626
6,0.03,150,0.6,5,0.05,0.7838992579266921
6,0.03,150,0.6,5,0.1,0.7845254161043634
6,0.03,150,0.6,5,0.5,0.7857625591349403
6,0.03,150,0.6,10,0.0,0.7802024746906636
6,0.03,150,0.6,10,0.05,0.7816298964430437
6,0.03,150,0.6,10,0.1,0.7804220925011226
6,0.03,150,0.6,10,0.5,0.7795771479982007
6,0.03,150,0.6,15,0.0,0.7756841633019291
6,0.03,150,0.6,15,0.05,0.774758589714799
6,0.03,150,0.6,15,0.1,0.7756568605434538
6,0.03,150,0.6,15,0.5,0.7754094682521876
6,0.03,150,0.8,5,0.0,0.7851221151691687
6,0.03,150,0.8,5,0.05,0.7836807890607487
6,0.03,150,0.8,5,0.1,0.7860183732915079
6,0.03,150,0.8,5,0.5,0.7846395688300023
6,0.03,150,0.8,10,0.0,0.7817122366651725
6,0.03,150,0.8,10,0.05,0.7818874691773146
6,0.03,150,0.8,10,0.1,0.7811659192825112
6,0.03,150,0.8,10,0.5,0.7800402774669949
6,0.03,150,0.8,15,0.0,0.778176919622811
6,0.03,150,0.8,15,0.05,0.779027902790279
6,0.03,150,0.8,15,0.1,0.7805536799459825
6,0.03,150,0.8,15,0.5,0.7781278127812782
6,0.03,150,1.0,5,0.0,0.784287317620651
6,0.03,150,1.0,5,0.05,0.7848668009850012
6,0.03,150,1.0,5,0.1,0.7829405162738496
6,0.03,150,1.0,5,0.5,0.7832324590898901
6,0.03,150,1.0,10,0.0,0.7793427230046949
6,0.03,150,1.0,10,0.05,0.7778521991515963
6,0.03,150,1.0,10,0.1,0.7782501678227791
6,0.03,150,1.0,10,0.5,0.7775290957923008
6,0.03,150,1.0,15,0.0,0.7756653992395437
6,0.03,150,1.0,15,0.05,0.7778528021607022
6,0.03,150,1.0,15,0.1,0.7776280323450134
6,0.03,150,1.0,15,0.5,0.7769299820466786
6,0.03,250,0.6,5,0.0,0.7982871309443318
6,0.03,250,0.6,5,0.05,0.7980162308385933
6,0.03,250,0.6,5,0.1,0.7963963963963964
6,0.03,250,0.6,5,0.5,0.7957667192073857
6,0.03,250,0.6,10,0.0,0.788327721661055
6,0.03,250,0.6,10,0.05,0.7873873873873873
6,0.03,250,0.6,10,0.1,0.7868852459016393
6,0.03,250,0.6,10,0.5,0.7886563133018231
6,0.03,250,0.6,15,0.0,0.7838565022421524
6,0.03,250,0.6,15,0.05,0.7817691962281096
6,0.03,250,0.6,15,0.1,0.7844982078853047
6,0.03,250,0.6,15,0.5,0.7808925768109442
6,0.03,250,0.8,5,0.0,0.7990141160654268
6,0.03,250,0.8,5,0.05,0.7995510662177329
6,0.03,250,0.8,5,0.1,0.7985627666741523
6,0.03,250,0.8,5,0.5,0.796594982078853
6,0.03,250,0.8,10,0.0,0.7905829596412556
6,0.03,250,0.8,10,0.05,0.7907809353322891
6,0.03,250,0.8,10,0.1,0.7899574086527684
6,0.03,250,0.8,10,0.5,0.7885176048441355
6,0.03,250,0.8,15,0.0,0.7848668009850012
6,0.03,250,0.8,15,0.05,0.7839533841326759
6,0.03,250,0.8,15,0.1,0.7845774490024658
6,0.03,250,0.8,15,0.5,0.7848498431196773
6,0.03,250,1.0,5,0.0,0.7928571428571428
6,0.03,250,1.0,5,0.05,0.7960511554857528
6,0.03,250,1.0,5,0.1,0.7953373683030711
6,0.03,250,1.0,5,0.5,0.7942562261610949
6,0.03,250,1.0,10,0.0,0.7870391061452514
6,0.03,250,1.0,10,0.05,0.7872959069559383
6,0.03,250,1.0,10,0.1,0.7867827640098236
6,0.03,250,1.0,10,0.5,0.7885047148630444
6,0.03,250,1.0,15,0.0,0.783463687150838
6,0.03,250,1.0,15,0.05,0.7836990595611285
6,0.03,250,1.0,15,0.1,0.7840071476435113
6,0.03,250,1.0,15,0.5,0.7828226347573249
6,0.05,100,0.6,5,0.0,0.783978397839784
6,0.05,100,0.6,5,0.05,0.7861167455487942
6,0.05,100,0.6,5,0.1,0.7846674182638106
6,0.05,100,0.6,5,0.5,0.784154850326356
6,0.05,100,0.6,10,0.0,0.7797979797979798
6,0.05,100,0.6,10,0.05,0.7807076853729997
6,0.05,100,0.6,10,0.1,0.7788008084437458
6,0.05,100,0.6,10,0.5,0.7777276825969341
6,0.05,100,0.6,15,0.0,0.7752632758234371
6,0.05,100,0.6,15,0.05,0.7749720670391061
6,0.05,100,0.6,15,0.1,0.7753086419753087
6,0.05,100,0.6,15,0.5,0.7742658596727191
6,0.05,100,0.8,5,0.0,0.7874971891162581
6,0.05,100,0.8,5,0.05,0.7883966719136497
6,0.05,100,0.8,5,0.1,0.7883966719136497
6,0.05,100,0.8,5,0.5,0.7881374971916423
6,0.05,100,0.8,10,0.0,0.7839713454219834
6,0.05,100,0.8,10,0.05,0.7847019122609674
6,0.05,100,0.8,10,0.1,0.7834080717488789
6,0.05,100,0.8,10,0.5,0.7822961132329813
6,0.05,100,0.8,15,0.0,0.7806741573033708
6,0.05,100,0.8,15,0.05,0.7811235955056179
6,0.05,100,0.8,15,0.1,0.7812429885573255
6,0.05,100,0.8,15,0.5,0.7803234501347709
6,0.05,100,1.0,5,0.0,0.7866427610936799
6,0.05,100,1.0,5,0.05,0.7876205427225835
6,0.05,100,1.0,5,0.1,0.7871863799283154
6,0.05,100,1.0,5,0.5,0.7855863921217547
6,0.05,100,1.0,10,0.0,0.7825503355704698
6,0.05,100,1.0,10,0.05,0.780259044216168
6,0.05,100,1.0,10,0.1,0.7805313686090645
6,0.05,100,1.0,10,0.5,0.7814036656236031
6,0.05,100,1.0,15,0.0,0.7776536312849162
6,0.05,100,1.0,15,0.05,0.7814183123877917
6,0.05,100,1.0,15,0.1,0.7796458193230218
6,0.05,100,1.0,15,0.5,0.7771326485037964
6,0.05,150,0.6,5,0.0,0.796221322537112
6,0.05,150,0.6,5,0.05,0.7964880684376408
6,0.05,150,0.6,5,0.1,0.7952455707557748
6,0.05,150,0.6,5,0.5,0.7936794582392777
6,0.05,150,0.6,10,0.0,0.7871431782423016
6,0.05,150,0.6,10,0.05,0.78584229390681
6,0.05,150,0.6,10,0.1,0.7866277765312991
6,0.05,150,0.6,10,0.5,0.7865168539325843
6,0.05,150,0.6,15,0.0,0.7808925768109442
6,0.05,150,0.6,15,0.05,0.7787215020116227
6,0.05,150,0.6,15,0.1,0.7790228597041685
6,0.05,150,0.6,15,0.5,0.7792440169984344
6,0.05,150,0.8,5,0.0,0.7975817286162113
6,0.05,150,0.8,5,0.05,0.7976671152983401
6,0.05,150,0.8,5,0.1,0.7967734707595787
6,0.05,150,0.8,5,0.5,0.7984773846842812
6,0.05,150,0.8,10,0.0,0.7900403768506057
6,0.05,150,0.8,10,0.05,0.7880690737833596
6,0.05,150,0.8,10,0.1,0.7889537494387068
6,0.05,150,0.8,10,0.5,0.7872531418312387
6,0.05,150,0.8,15,0.0,0.7830379178819834
6,0.05,150,0.8,15,0.05,0.7835653345307588
6,0.05,150,0.8,15,0.1,0.7840501792114696
6,0.05,150,0.8,15,0.5,0.782608695652174
6,0.05,150,1.0,5,0.0,0.7949004696935809
6,0.05,150,1.0,5,0.05,0.7952508960573477
6,0.05,150,1.0,5,0.1,0.7953425884460367
6,0.05,150,1.0,5,0.5,0.7913766000449135
6,0.05,150,1.0,10,0.0,0.7910414333706607
6,0.05,150,1.0,10,0.05,0.7878923766816144
6,0.05,150,1.0,10,0.1,0.7904164800716524
6,0.05,150,1.0,10,0.5,0.7876205427225835
6,0.05,150,1.0,15,0.0,0.7838745800671892
6,0.05,150,1.0,15,0.05,0.7837172891970476
6,0.05,150,1.0,15,0.1,0.7837958818263205
6,0.05,150,1.0,15,0.5,0.7860986547085201
6,0.05,250,0.6,5,0.0,0.8091155234657039
6,0.05,250,0.6,5,0.05,0.8104929895974672
6,0.05,250,0.6,5,0.1,0.8082129963898917
6,0.05,250,0.6,5,0.5,0.806930693069307
6,0.05,250,0.6,10,0.0,0.7932508436445445
6,0.05,250,0.6,10,0.05,0.7931577762772901
6,0.05,250,0.6,10,0.1,0.7935222672064778
6,0.05,250,0.6,10,0.5,0.7927927927927928
6,0.05,250,0.6,15,0.0,0.7892497200447929
6,0.05,250,0.6,15,0.05,0.787010078387458
6,0.05,250,0.6,15,0.1,0.7865621500559911
6,0.05,250,0.6,15,0.5,0.7891674127126231
6,0.05,250,0.8,5,0.0,0.8137497191642328
6,0.05,250,0.8,5,0.05,0.8136506511001347
6,0.05,250,0.8,5,0.1,0.8143307796304642
6,0.05,250,0.8,5,0.5,0.8135135135135135
6,0.05,250,0.8,10,0.0,0.8017048003589053
6,0.05,250,0.8,10,0.05,0.8009850011193195
6,0.05,250,0.8,10,0.1,0.8025078369905956
6,0.05,250,0.8,10,0.5,0.8008968609865471
6,0.05,250,0.8,15,0.0,0.7938282647584973
6,0.05,250,0.8,15,0.05,0.7934660997986127
6,0.05,250,0.8,15,0.1,0.7923094120277219
6,0.05,250,0.8,15,0.5,0.7948086820317745
6,0.05,250,1.0,5,0.0,0.8102173425946673
6,0.05,250,1.0,5,0.05,0.8084342754598475
6,0.05,250,1.0,5,0.1,0.8095878136200717
6,0.05,250,1.0,5,0.5,0.8060035842293907
6,0.05,250,1.0,10,0.0,0.797324414715719
6,0.05,250,1.0,10,0.05,0.797046319087044
6,0.05,250,1.0,10,0.1,0.7983005366726297
6,0.05,250,1.0,10,0.5,0.7991061452513967
6,0.05,250,1.0,15,0.0,0.7880008954555631
6,0.05,250,1.0,15,0.05,0.7901345291479821
6,0.05,250,1.0,15,0.1,0.7890729959695477
6,0.05,250,1.0,15,0.5,0.7899798702751062
6,0.1,100,0.6,5,0.0,0.8002705139765555
6,0.1,100,0.6,5,0.05,0.8012575791601168
6,0.1,100,0.6,5,0.1,0.8008093525179856
6,0.1,100,0.6,5,0.5,0.7993716337522442
6,0.1,100,0.6,10,0.0,0.7877157587984757
6,0.1,100,0.6,10,0.05,0.7916197341743636
6,0.1,100,0.6,10,0.1,0.789332138054684
6,0.1,100,0.6,10,0.5,0.7917691791545516
6,0.1,100,0.6,15,0.0,0.7825698324022347
6,0.1,100,0.6,15,0.05,0.7829768270944741
6,0.1,100,0.6,15,0.1,0.7803895231699127
6,0.1,100,0.6,15,0.5,0.7826475849731663
6,0.1,100,0.8,5,0.0,0.8077442593426385
6,0.1,100,0.8,5,0.05,0.8066621652036912
6,0.1,100,0.8,5,0.1,0.8064806480648065
6,0.1,100,0.8,5,0.5,0.8067415730337079
6,0.1,100,0.8,10,0.0,0.7955925342927817
6,0.1,100,0.8,10,0.05,0.7930185723875587
6,0.1,100,0.8,10,0.1,0.7905209031969596
6,0.1,100,0.8,10,0.5,0.7943485086342229
6,0.1,100,0.8,15,0.0,0.7897689028494503
6,0.1,100,0.8,15,0.05,0.7891552767196953
6,0.1,100,0.8,15,0.1,0.7869875222816399
6,0.1,100,0.8,15,0.5,0.7877432341757996
6,0.1,100,1.0,5,0.0,0.8027790228597041
6,0.1,100,1.0,5,0.05,0.800895856662934
6,0.1,100,1.0,5,0.1,0.8012533572068039
6,0.1,100,1.0,5,0.5,0.8005354752342704
6,0.1,100,1.0,10,0.0,0.7941769316909294
6,0.1,100,1.0,10,0.05,0.7891095737558581
6,0.1,100,1.0,10,0.1,0.7936436884512086
6,0.1,100,1.0,10,0.5,0.7927240062878959
6,0.1,100,1.0,15,0.0,0.787567084078712
6,0.1,100,1.0,15,0.05,0.7870909905871807
6,0.1,100,1.0,15,0.1,0.7868190988567586
6,0.1,100,1.0,15,0.5,0.7866726296958855
6,0.1,150,0.6,5,0.0,0.8149650664863647
6,0.1,150,0.6,5,0.05,0.8127400045177321
6,0.1,150,0.6,5,0.1,0.8107014388489209
6,0.1,150,0.6,5,0.5,0.8117381489841986
6,0.1,150,0.6,10,0.0,0.7981199641897941
6,0.1,150,0.6,10,0.05,0.7964044943820224
6,0.1,150,0.6,10,0.1,0.7977578475336323
6,0.1,150,0.6,10,0.5,0.7977553310886645
6,0.1,150,0.6,15,0.0,0.7860496311200537
6,0.1,150,0.6,15,0.05,0.7868779290336978
6,0.1,150,0.6,15,0.1,0.788259018597356
6,0.1,150,0.6,15,0.5,0.7875392200806813
6,0.1,150,0.8,5,0.0,0.8188976377952756
6,0.1,150,0.8,5,0.05,0.8195691202872532
6,0.1,150,0.8,5,0.1,0.818140996856758
6,0.1,150,0.8,5,0.5,0.8164457425297685
6,0.1,150,0.8,10,0.0,0.8074673864147548
6,0.1,150,0.8,10,0.05,0.8060103162143979
6,0.1,150,0.8,10,0.1,0.8038556377493835
6,0.1,150,0.8,10,0.5,0.8025162884745001
6,0.1,150,0.8,15,0.0,0.7941899441340782
6,0.1,150,0.8,15,0.05,0.7975790181573639
6,0.1,150,0.8,15,0.1,0.7958045079223388
6,0.1,150,0.8,15,0.5,0.7966934763181412
6,0.1,150,1.0,5,0.0,0.816692842719318
6,0.1,150,1.0,5,0.05,0.8162259076647244
6,0.1,150,1.0,5,0.1,0.8128916741271263
6,0.1,150,1.0,5,0.5,0.8160790478329216
6,0.1,150,1.0,10,0.0,0.8012505582849486
6,0.1,150,1.0,10,0.05,0.8007157235517781
6,0.1,150,1.0,10,0.1,0.8040268456375839
6,0.1,150,1.0,10,0.5,0.8052879229218015
6,0.1,150,1.0,15,0.0,0.7954290835760699
6,0.1,150,1.0,15,0.05,0.7944593386952636
6,0.1,150,1.0,15,0.1,0.7945450480661749
6,0.1,150,1.0,15,0.5,0.7907706093189965
6,0.1,250,0.6,5,0.0,0.8293453724604967
6,0.1,250,0.6,5,0.05,0.8304891922639362
6,0.1,250,0.6,5,0.1,0.8283193847545804
6,0.1,250,0.6,5,0.5,0.8279936378095887
6,0.1,250,0.6,10,0.0,0.8094488188976378
6,0.1,250,0.6,10,0.05,0.8085489313835771
6,0.1,250,0.6,10,0.1,0.8063791554357592
6,0.1,250,0.6,10,0.5,0.810251798561151
6,0.1,250,0.6,15,0.0,0.7956073509636934
6,0.1,250,0.6,15,0.05,0.7951645399597045
6,0.1,250,0.6,15,0.1,0.7974882260596546
6,0.1,250,0.6,15,0.5,0.7973944294699011
6,0.1,250,0.8,5,0.0,0.8369984130582634
6,0.1,250,0.8,5,0.05,0.8374830239927569
6,0.1,250,0.8,5,0.1,0.838021778584392
6,0.1,250,0.8,5,0.5,0.832766054004992
6,0.1,250,0.8,10,0.0,0.8202702702702702
6,0.1,250,0.8,10,0.05,0.8204550574453706
6,0.1,250,0.8,10,0.1,0.8168950797573579
6,0.1,250,0.8,10,0.5,0.8185085354896675
6,0.1,250,0.8,15,0.0,0.8089028776978417
6,0.1,250,0.8,15,0.05,0.8086156607583577
6,0.1,250,0.8,15,0.1,0.8087015025790536
6,0.1,250,0.8,15,0.5,0.808357672433161
6,0.1,250,1.0,5,0.0,0.8335210633025456
6,0.1,250,1.0,5,0.05,0.8340099233198015
6,0.1,250,1.0,5,0.1,0.8308806882499434
6,0.1,250,1.0,5,0.5,0.8323908617959738
6,0.1,250,1.0,10,0.0,0.8142664872139973
6,0.1,250,1.0,10,0.05,0.8110887547507266
6,0.1,250,1.0,10,0.1,0.8148979133946601
6,0.1,250,1.0,10,0.5,0.8146319569120287
6,0.1,250,1.0,15,0.0,0.8072694637648643
6,0.1,250,1.0,15,0.05,0.8058968058968059
6,0.1,250,1.0,15,0.1,0.8067264573991031
6,0.1,250,1.0,15,0.5,0.8041329739442947
6,0.3,100,0.6,5,0.0,0.8320507016749661
6,0.3,100,0.6,5,0.05,0.8328032712403453
6,0.3,100,0.6,5,0.1,0.8301544050862852
6,0.3,100,0.6,5,0.5,0.832087015635622
6,0.3,100,0.6,10,0.0,0.8085585585585585
6,0.3,100,0.6,10,0.05,0.8160324251294754
6,0.3,100,0.6,10,0.1,0.8087308730873087
6,0.3,100,0.6,10,0.5,0.8143631436314364
6,0.3,100,0.6,15,0.0,0.800268696820421
6,0.3,100,0.6,15,0.05,0.79702300405954
6,0.3,100,0.6,15,0.1,0.8017917133258678
6,0.3,100,0.6,15,0.5,0.7974118697010263
6,0.3,100,0.8,5,0.0,0.8419612314709236
6,0.3,100,0.8,5,0.05,0.8441410693970421
6,0.3,100,0.8,5,0.1,0.8418667874943362
6,0.3,100,0.8,5,0.5,0.8422252621979024
6,0.3,100,0.8,10,0.0,0.8194506978838361
6,0.3,100,0.8,10,0.05,0.8255472805235838
6,0.3,100,0.8,10,0.1,0.8251242657026661
6,0.3,100,0.8,10,0.5,0.8188373141054529
6,0.3,100,0.8,15,0.0,0.8125701459034792
6,0.3,100,0.8,15,0.05,0.8086917562724014
6,0.3,100,0.8,15,0.1,0.8097692135334976
6,0.3,100,0.8,15,0.5,0.8126410835214447
6,0.3,100,1.0,5,0.0,0.844364129207138
6,0.3,100,1.0,5,0.05,0.8401537418042053
6,0.3,100,1.0,5,0.1,0.8406320541760722
6,0.3,100,1.0,5,0.5,0.8389140271493213
6,0.3,100,1.0,10,0.0,0.822262118491921
6,0.3,100,1.0,10,0.05,0.8226567768037761
6,0.3,100,1.0,10,0.1,0.8232118758434548
6,0.3,100,1.0,10,0.5,0.8247515808491418
6,0.3,100,1.0,15,0.0,0.8086820317744462
6,0.3,100,1.0,15,0.05,0.812541993281075
6,0.3,100,1.0,15,0.1,0.8093315388066398
6,0.3,100,1.0,15,0.5,0.8126542517388378
6,0.3,150,0.6,5,0.0,0.8481675392670157
6,0.3,150,0.6,5,0.05,0.8491083676268861
6,0.3,150,0.6,5,0.1,0.8452245270116252
6,0.3,150,0.6,5,0.5,0.8465922042397994
6,0.3,150,0.6,10,0.0,0.8180172023540063
6,0.3,150,0.6,10,0.05,0.8232357612888587
6,0.3,150,0.6,10,0.1,0.8177496038034865
6,0.3,150,0.6,10,0.5,0.8216632676184001
6,0.3,150,0.6,15,0.0,0.8067340067340067
6,0.3,150,0.6,15,0.05,0.8056872037914692
6,0.3,150,0.6,15,0.1,0.806930693069307
6,0.3,150,0.6,15,0.5,0.8011617515638964
6,0.3,150,0.8,5,0.0,0.858122001370802
6,0.3,150,0.8,5,0.05,0.8590358693168837
6,0.3,150,0.8,5,0.1,0.8595608417200366
6,0.3,150,0.8,5,0.5,0.8579272477693891
6,0.3,150,0.8,10,0.0,0.8329943502824859
6,0.3,150,0.8,10,0.05,0.8363966417063762
6,0.3,150,0.8,10,0.1,0.8376608715285617
6,0.3,150,0.8,10,0.5,0.8330690826727066
6,0.3,150,0.8,15,0.0,0.8205128205128205
6,0.3,150,0.8,15,0.05,0.821806713223699
6,0.3,150,0.8,15,0.1,0.8199233716475096
6,0.3,150,0.8,15,0.5,0.8229988726042841
6,0.3,150,1.0,5,0.0,0.8595454545454545
6,0.3,150,1.0,5,0.05,0.8581851345189239
6,0.3,150,1.0,5,0.1,0.8592896174863388
6,0.3,150,1.0,5,0.5,0.8557168784029038
6,0.3,150,1.0,10,0.0,0.836388323150034
6,0.3,150,1.0,10,0.05,0.8355978260869565
6,0.3,150,1.0,10,0.1,0.8359692724807953
6,0.3,150,1.0,10,0.5,0.8368826461259629
6,0.3,150,1.0,15,0.0,0.8231858009436082
6,0.3,150,1.0,15,0.05,0.82429696287964
6,0.3,150,1.0,15,0.1,0.822841726618705
6,0.3,150,1.0,15,0.5,0.8228648892905558
6,0.3,250,0.6,5,0.0,0.868886337543054
6,0.3,250,0.6,5,0.05,0.8664359861591695
6,0.3,250,0.6,5,0.1,0.8697450034458993
6,0.3,250,0.6,5,0.5,0.8643562084002754
6,0.3,250,0.6,10,0.0,0.8400272294077604
6,0.3,250,0.6,10,0.05,0.8373780902699025
6,0.3,250,0.6,10,0.1,0.8383287920072662
6,0.3,250,0.6,10,0.5,0.8408051235132662
6,0.3,250,0.6,15,0.0,0.8188585607940446
6,0.3,250,0.6,15,0.05,0.8192552225249773
6,0.3,250,0.6,15,0.1,0.8215092634432897
6,0.3,250,0.6,15,0.5,0.819043321299639
6,0.3,250,0.8,5,0.0,0.8811607554122525
6,0.3,250,0.8,5,0.05,0.8804422944022114
6,0.3,250,0.8,5,0.1,0.8822851877447593
6,0.3,250,0.8,5,0.5,0.8813324080499653
6,0.3,250,0.8,10,0.0,0.854147675478578
6,0.3,250,0.8,10,0.05,0.8523993632021833
6,0.3,250,0.8,10,0.1,0.8542094455852156
6,0.3,250,0.8,10,0.5,0.8531628225622289
6,0.3,250,0.8,15,0.0,0.8375451263537906
6,0.3,250,0.8,15,0.05,0.8375254928619986
6,0.3,250,0.8,15,0.1,0.8331446683269187
6,0.3,250,0.8,15,0.5,0.8338998413777475
6,0.3,250,1.0,5,0.0,0.8803673938002297
6,0.3,250,1.0,5,0.05,0.8782270961846014
6,0.3,250,1.0,5,0.1,0.8798352025635157
6,0.3,250,1.0,5,0.5,0.8810996563573883
6,0.3,250,1.0,10,0.0,0.8557801498977969
6,0.3,250,1.0,10,0.05,0.8539632069043833
6,0.3,250,1.0,10,0.1,0.8568828213879408
6,0.3,250,1.0,10,0.5,0.8545994065281899
6,0.3,250,1.0,15,0.0,0.8396290432028952
6,0.3,250,1.0,15,0.05,0.8412914961346066
6,0.3,250,1.0,15,0.1,0.8388120607571979
6,0.3,250,1.0,15,0.5,0.8412231030577576
7,0.03,100,0.6,5,0.0,0.7841904334156748
7,0.03,100,0.6,5,0.05,0.7839964036862216
7,0.03,100,0.6,5,0.1,0.7823938917583652
7,0.03,100,0.6,5,0.5,0.7848784878487849
7,0.03,100,0.6,10,0.0,0.7788570137790829
7,0.03,100,0.6,10,0.05,0.7783050847457628
7,0.03,100,0.6,10,0.1,0.7785811116131948
7,0.03,100,0.6,10,0.5,0.7797686550238149
7,0.03,100,0.6,15,0.0,0.773014440433213
7,0.03,100,0.6,15,0.05,0.7709648331830478
7,0.03,100,0.6,15,0.1,0.772214704555706
7,0.03,100,0.6,15,0.5,0.7699954812471758
7,0.03,100,0.8,5,0.0,0.7868999551368326
7,0.03,100,0.8,5,0.05,0.7873485868102288
7,0.03,100,0.8,5,0.1,0.7865470852017937
7,0.03,100,0.8,5,0.5,0.7867894855088744
7,0.03,100,0.8,10,0.0,0.7812008095345176
7,0.03,100,0.8,10,0.05,0.7813765182186235
7,0.03,100,0.8,10,0.1,0.7823741007194245
7,0.03,100,0.8,10,0.5,0.7814956209297103
7,0.03,100,0.8,15,0.0,0.7763009686866411
7,0.03,100,0.8,15,0.05,0.7767515206127507
7,0.03,100,0.8,15,0.1,0.7777025502143986
7,0.03,100,0.8,15,0.5,0.7766990291262136
7,0.03,100,1.0,5,0.0,0.7866277765312991
7,0.03,100,1.0,5,0.05,0.7856502242152467
7,0.03,100,1.0,5,0.1,0.7852183650615902
7,0.03,100,1.0,5,0.5,0.7833295989244903
7,0.03,100,1.0,10,0.0,0.7819852117409815
7,0.03,100,1.0,10,0.05,0.7800718132854578
7,0.03,100,1.0,10,0.1,0.7797218483624944
7,0.03,100,1.0,10,0.5,0.7785474860335195
7,0.03,100,1.0,15,0.0,0.7732793522267206
7,0.03,100,1.0,15,0.05,0.7738603188861441
7,0.03,100,1.0,15,0.1,0.7743820224719101
7,0.03,100,1.0,15,0.5,0.7733093686811953
7,0.03,150,0.6,5,0.0,0.7910951203058242
7,0.03,150,0.6,5,0.05,0.7919765607392383
7,0.03,150,0.6,5,0.1,0.7935003385240352
7,0.03,150,0.6,5,0.5,0.7934219418788016
7,0.03,150,0.6,10,0.0,0.7827454504605706
7,0.03,150,0.6,10,0.05,0.7845079936951137
7,0.03,150,0.6,10,0.1,0.78319478768816
7,0.03,150,0.6,10,0.5,0.7846501128668172
7,0.03,150,0.6,15,0.0,0.7789001122334456
7,0.03,150,0.6,15,0.05,0.7787253141831239
7,0.03,150,0.6,15,0.1,0.7767033955475602
7,0.03,150,0.6,15,0.5,0.777902537615091
7,0.03,150,0.8,5,0.0,0.7945205479452054
7,0.03,150,0.8,5,0.05,0.7947108919766921
7,0.03,150,0.8,5,0.1,0.7946127946127947
7,0.03,150,0.8,5,0.5,0.7928940859006072
7,0.03,150,0.8,10,0.0,0.7871287128712872
7,0.03,150,0.8,10,0.05,0.7880556802873822
7,0.03,150,0.8,10,0.1,0.7879469305149539
7,0.03,150,0.8,10,0.5,0.7863247863247863
7,0.03,150,0.8,15,0.0,0.7830379178819834
7,0.03,150,0.8,15,0.05,0.7836441249157493
7,0.03,150,0.8,15,0.1,0.7824324324324324
7,0.03,150,0.8,15,0.5,0.7829997751293006
7,0.03,150,1.0,5,0.0,0.792841163310962
7,0.03,150,1.0,5,0.05,0.7921990585070612
7,0.03,150,1.0,5,0.1,0.7915732855221873
7,0.03,150,1.0,5,0.5,0.7907912382655342
7,0.03,150,1.0,10,0.0,0.7888017917133259
7,0.03,150,1.0,10,0.05,0.787987449574182
7,0.03,150,1.0,10,0.1,0.7869146314138472
7,0.03,150,1.0,10,0.5,0.7882037533512064
7,0.03,150,1.0,15,0.0,0.7821002923319091
7,0.03,150,1.0,15,0.05,0.7803675481846706
7,0.03,150,1.0,15,0.1,0.7824915824915825
7,0.03,150,1.0,15,0.5,0.7824136384028713
7,0.03,250,0.6,5,0.0,0.8063276836158192
7,0.03,250,0.6,5,0.05,0.8038773669972948
7,0.03,250,0.6,5,0.1,0.8049773755656109
7,0.03,250,0.6,5,0.5,0.8037003610108303
7,0.03,250,0.6,10,0.0,0.7933212996389891
7,0.03,250,0.6,10,0.05,0.7927846674182638
7,0.03,250,0.6,10,0.1,0.7937865826204412
7,0.03,250,0.6,10,0.5,0.791337694563501
7,0.03,250,0.6,15,0.0,0.7853614728334082
7,0.03,250,0.6,15,0.05,0.7868043087971275
7,0.03,250,0.6,15,0.1,0.7861635220125787
7,0.03,250,0.6,15,0.5,0.7855378396586571
7,0.03,250,0.8,5,0.0,0.8100810081008101
7,0.03,250,0.8,5,0.05,0.8112866817155756
7,0.03,250,0.8,5,0.1,0.8105429150709619
7,0.03,250,0.8,5,0.5,0.808740707366524
7,0.03,250,0.8,10,0.0,0.7968468468468468
7,0.03,250,0.8,10,0.05,0.7964880684376408
7,0.03,250,0.8,10,0.1,0.7959459459459459
7,0.03,250,0.8,10,0.5,0.7937865826204412
7,0.03,250,0.8,15,0.0,0.7885176048441355
7,0.03,250,0.8,15,0.05,0.7876066457117198
7,0.03,250,0.8,15,0.1,0.7873343813159668
7,0.03,250,0.8,15,0.5,0.7879469305149539
7,0.03,250,1.0,5,0.0,0.8073890515881955
7,0.03,250,1.0,5,0.05,0.8043039677202422
7,0.03,250,1.0,5,0.1,0.805829596412556
7,0.03,250,1.0,5,0.5,0.8028770510227017
7,0.03,250,1.0,10,0.0,0.7969451931716083
7,0.03,250,1.0,10,0.05,0.7964880684376408
7,0.03,250,1.0,10,0.1,0.7955156950672646
7,0.03,250,1.0,10,0.5,0.796408529741863
7,0.03,250,1.0,15,0.0,0.7856185797230907
7,0.03,250,1.0,15,0.05,0.78531452876651
7,0.03,250,1.0,15,0.1,0.7858581338106959
7,0.03,250,1.0,15,0.5,0.7859852711448337
7,0.05,100,0.6,5,0.0,0.790812879981986
7,0.05,100,0.6,5,0.05,0.7911890312429759
7,0.05,100,0.6,5,0.1,0.7917228969860549
7,0.05,100,0.6,5,0.5,0.7911890312429759
7,0.05,100,0.6,10,0.0,0.7863707688859001
7,0.05,100,0.6,10,0.05,0.7856179775280899
7,0.05,100,0.6,10,0.1,0.7867085765603952
7,0.05,100,0.6,10,0.5,0.7860202931228861
7,0.05,100,0.6,15,0.0,0.7780269058295964
7,0.05,100,0.6,15,0.05,0.7789001122334456
7,0.05,100,0.6,15,0.1,0.7802469135802469
7,0.05,100,0.6,15,0.5,0.7803234501347709
7,0.05,100,0.8,5,0.0,0.7976644958454974
7,0.05,100,0.8,5,0.05,0.7979321195774332
7,0.05,100,0.8,5,0.1,0.7990119020884797
7,0.05,100,0.8,5,0.5,0.7959550561797752
7,0.05,100,0.8,10,0.0,0.7870619946091644
7,0.05,100,0.8,10,0.05,0.7883408071748879
7,0.05,100,0.8,10,0.1,0.7860830527497195
7,0.05,100,0.8,10,0.5,0.7868999551368326
7,0.05,100,0.8,15,0.0,0.7830188679245284
7,0.05,100,0.8,15,0.05,0.7827260458839406
7,0.05,100,0.8,15,0.1,0.7836624775583483
7,0.05,100,0.8,15,0.5,0.7828034034930587
7,0.05,100,1.0,5,0.0,0.7962255672882498
7,0.05,100,1.0,5,0.05,0.7964044943820224
7,0.05,100,1.0,5,0.1,0.7948833034111311
7,0.05,100,1.0,5,0.5,0.7940780619111709
7,0.05,100,1.0,10,0.0,0.7897091722595079
7,0.05,100,1.0,10,0.05,0.7889784946236559
7,0.05,100,1.0,10,0.1,0.7894973070017953
7,0.05,100,1.0,10,0.5,0.7902899527983817
7,0.05,100,1.0,15,0.0,0.7815370826798118
7,0.05,100,1.0,15,0.05,0.7811870100783874
7,0.05,100,1.0,15,0.1,0.7833482542524619
7,0.05,100,1.0,15,0.5,0.7823753075374636
7,0.05,150,0.6,5,0.0,0.8032417829806393
7,0.05,150,0.6,5,0.05,0.8036076662908681
7,0.05,150,0.6,5,0.1,0.8008093525179856
7,0.05,150,0.6,5,0.5,0.8007221846084406
7,0.05,150,0.6,10,0.0,0.7922661870503597
7,0.05,150,0.6,10,0.05,0.7899348461019996
7,0.05,150,0.6,10,0.1,0.7898631980264633
7,0.05,150,0.6,10,0.5,0.7909070447895566
7,0.05,150,0.6,15,0.0,0.7826863007585899
7,0.05,150,0.6,15,0.05,0.7824726134585289
7,0.05,150,0.6,15,0.1,0.7837777279856599
7,0.05,150,0.6,15,0.5,0.7850887042443296
7,0.05,150,0.8,5,0.0,0.8095345176523498
7,0.05,150,0.8,5,0.05,0.8112866817155756
7,0.05,150,0.8,5,0.1,0.8103603603603604
7,0.05,150,0.8,5,0.5,0.8104693140794224
7,0.05,150,0.8,10,0.0,0.7938862665767589
7,0.05,150,0.8,10,0.05,0.7950506186726659
7,0.05,150,0.8,10,0.1,0.7929871881321645
7,0.05,150,0.8,10,0.5,0.7927321668909825
7,0.05,150,0.8,15,0.0,0.7886944818304172
7,0.05,150,0.8,15,0.05,0.7886944818304172
7,0.05,150,0.8,15,0.1,0.7876344086021505
7,0.05,150,0.8,15,0.5,0.7886944818304172
7,0.05,150,1.0,5,0.0,0.807191011235955
7,0.05,150,1.0,5,0.05,0.8087308730873087
7,0.05,150,1.0,5,0.1,0.8021510194936141
7,0.05,150,1.0,5,0.5,0.8041237113402062
7,0.05,150,1.0,10,0.0,0.7964044943820224
7,0.05,150,1.0,10,0.05,0.796941758488869
7,0.05,150,1.0,10,0.1,0.7974910394265233
7,0.05,150,1.0,10,0.5,0.7973885637100405
7,0.05,150,1.0,15,0.0,0.7879329608938548
7,0.05,150,1.0,15,0.05,0.7873769024171889
7,0.05,150,1.0,15,0.1,0.78584229390681
7,0.05,150,1.0,15,0.5,0.7865621500559911
7,0.05,250,0.6,5,0.0,0.8210002262955419
7,0.05,250,0.6,5,0.05,0.820986264354875
7,0.05,250,0.6,5,0.1,0.8220914440923495
7,0.05,250,0.6,5,0.5,0.8191079918496718
7,0.05,250,0.6,10,0.0,0.801980198019802
7,0.05,250,0.6,10,0.05,0.8033340842532102
7,0.05,250,0.6,10,0.1,0.799819657348963
7,0.05,250,0.6,10,0.5,0.8030644434429923
7,0.05,250,0.6,15,0.0,0.7914055505819159
7,0.05,250,0.6,15,0.05,0.7919191919191919
7,0.05,250,0.6,15,0.1,0.7907498877413561
7,0.05,250,0.6,15,0.5,0.7930724246513721
7,0.05,250,0.8,5,0.0,0.8287392679620424
7,0.05,250,0.8,5,0.05,0.8275237664101404
7,0.05,250,0.8,5,0.1,0.8267752148349163
7,0.05,250,0.8,5,0.5,0.8253393665158371
7,0.05,250,0.8,10,0.0,0.8096093399191738
7,0.05,250,0.8,10,0.05,0.8086253369272237
7,0.05,250,0.8,10,0.1,0.809245960502693
7,0.05,250,0.8,10,0.5,0.8108715184186882
7,0.05,250,0.8,15,0.0,0.7995505617977529
7,0.05,250,0.8,15,0.05,0.7992815446789403
7,0.05,250,0.8,15,0.1,0.8000897464662329
7,0.05,250,0.8,15,0.5,0.7971306881865052
7,0.05,250,1.0,5,0.0,0.8221823080377189
7,0.05,250,1.0,5,0.05,0.8257831868379536
7,0.05,250,1.0,5,0.1,0.8231323132313232
7,0.05,250,1.0,5,0.5,0.8194662480376766
7,0.05,250,1.0,10,0.0,0.808462750393878
7,0.05,250,1.0,10,0.05,0.8084342754598475
7,0.05,250,1.0,10,0.1,0.8086253369272237
7,0.05,250,1.0,10,0.5,0.8087971274685817
7,0.05,250,1.0,15,0.0,0.7937290033594625
7,0.05,250,1.0,15,0.05,0.7951645399597045
7,0.05,250,1.0,15,0.1,0.7943358057990559
7,0.05,250,1.0,15,0.5,0.7943611546207205
7,0.1,100,0.6,5,0.0,0.813774354327141
7,0.1,100,0.6,5,0.05,0.8116137744767049
7,0.1,100,0.6,5,0.1,0.813037573562698
7,0.1,100,0.6,5,0.5,0.8103954802259887
7,0.1,100,0.6,10,0.0,0.7949809545149003
7,0.1,100,0.6,10,0.05,0.7967552951780081
7,0.1,100,0.6,10,0.1,0.7944407083613539
7,0.1,100,0.6,10,0.5,0.7920304454891426
7,0.1,100,0.6,15,0.0,0.7839285714285714
7,0.1,100,0.6,15,0.05,0.7850133809099019
7,0.1,100,0.6,15,0.1,0.7854269110415736
7,0.1,100,0.6,15,0.5,0.7865319865319865
7,0.1,100,0.8,5,0.0,0.8197164078325456
7,0.1,100,0.8,5,0.05,0.8191465342063671
7,0.1,100,0.8,5,0.1,0.8167870036101083
7,0.1,100,0.8,5,0.5,0.8162162162162162
7,0.1,100,0.8,10,0.0,0.8004494382022472
7,0.1,100,0.8,10,0.05,0.8024247867085765
7,0.1,100,0.8,10,0.1,0.8003601170380373
7,0.1,100,0.8,10,0.5,0.800807537012113
7,0.1,100,0.8,15,0.0,0.7915921288014311
7,0.1,100,0.8,15,0.05,0.7902285970416854
7,0.1,100,0.8,15,0.1,0.7920304454891426
7,0.1,100,0.8,15,0.5,0.7928491620111732
7,0.1,100,1.0,5,0.0,0.8177956628660854
7,0.1,100,1.0,5,0.05,0.8187949640287769
7,0.1,100,1.0,5,0.1,0.8132016165244724
7,0.1,100,1.0,5,0.5,0.8138333707612845
7,0.1,100,1.0,10,0.0,0.8003585032489356
7,0.1,100,1.0,10,0.05,0.8003585032489356
7,0.1,100,1.0,10,0.1,0.7991061452513967
7,0.1,100,1.0,10,0.5,0.8017048003589053
7,0.1,100,1.0,15,0.0,0.7915448617045199
7,0.1,100,1.0,15,0.05,0.7911250560286867
7,0.1,100,1.0,15,0.1,0.7914893617021277
7,0.1,100,1.0,15,0.5,0.7911150998429437
7,0.1,150,0.6,5,0.0,0.823502824858757
7,0.1,150,0.6,5,0.05,0.8268408016212565
7,0.1,150,0.6,5,0.1,0.8250226654578422
7,0.1,150,0.6,5,0.5,0.8211621071670812
7,0.1,150,0.6,10,0.0,0.8086642599277978
7,0.1,150,0.6,10,0.05,0.8078307830783078
7,0.1,150,0.6,10,0.1,0.8046804680468047
7,0.1,150,0.6,10,0.5,0.8041469461347758
7,0.1,150,0.6,15,0.0,0.7926391382405745
7,0.1,150,0.6,15,0.05,0.7906663675117792
7,0.1,150,0.6,15,0.1,0.7921235175654509
7,0.1,150,0.6,15,0.5,0.7951373255290409
7,0.1,150,0.8,5,0.0,0.8353340883352208
7,0.1,150,0.8,5,0.05,0.8327675944783888
7,0.1,150,0.8,5,0.1,0.8301716350496838
7,0.1,150,0.8,5,0.5,0.8289920724801813
7,0.1,150,0.8,10,0.0,0.8135669362084457
7,0.1,150,0.8,10,0.05,0.8158013544018059
7,0.1,150,0.8,10,0.1,0.8140112994350283
7,0.1,150,0.8,10,0.5,0.8144144144144144
7,0.1,150,0.8,15,0.0,0.802328184463846
7,0.1,150,0.8,15,0.05,0.8029556650246306
7,0.1,150,0.8,15,0.1,0.8017028904324446
7,0.1,150,0.8,15,0.5,0.8008948545861297
7,0.1,150,1.0,5,0.0,0.8309700652712132
7,0.1,150,1.0,5,0.05,0.8281601439496177
7,0.1,150,1.0,5,0.1,0.8301376043311527
7,0.1,150,1.0,5,0.5,0.8291694800810263
7,0.1,150,1.0,10,0.0,0.8130630630630631
7,0.1,150,1.0,10,0.05,0.8116331096196868
7,0.1,150,1.0,10,0.1,0.809577086596554
7,0.1,150,1.0,10,0.5,0.8133992805755396
7,0.1,150,1.0,15,0.0,0.8008968609865471
7,0.1,150,1.0,15,0.05,0.8021534320323015
7,0.1,150,1.0,15,0.1,0.8006279434850864
7,0.1,150,1.0,15,0.5,0.8002696023365535
7,0.1,250,0.6,5,0.0,0.8459601739528496
7,0.1,250,0.6,5,0.05,0.8449931412894376
7,0.1,250,0.6,5,0.1,0.8458029197080292
7,0.1,250,0.6,5,0.5,0.8436713206683452
7,0.1,250,0.6,10,0.0,0.8205709107385591
7,0.1,250,0.6,10,0.05,0.8179765130984643
7,0.1,250,0.6,10,0.1,0.8174189158539351
7,0.1,250,0.6,10,0.5,0.8179360072104551
7,0.1,250,0.6,15,0.0,0.8036796051155486
7,0.1,250,0.6,15,0.05,0.8034149629296787
7,0.1,250,0.6,15,0.1,0.803407307778525
7,0.1,250,0.6,15,0.5,0.8019779725781074
7,0.1,250,0.8,5,0.0,0.8581204379562044
7,0.1,250,0.8,5,0.05,0.8592321755027422
7,0.1,250,0.8,5,0.1,0.8575336220651926
7,0.1,250,0.8,5,0.5,0.8539632069043833
7,0.1,250,0.8,10,0.0,0.8317503392130258
7,0.1,250,0.8,10,0.05,0.8297872340425532
7,0.1,250,0.8,10,0.1,0.8295994568906992
7,0.1,250,0.8,10,0.5,0.8255683097006528
7,0.1,250,0.8,15,0.0,0.8144491810634956
7,0.1,250,0.8,15,0.05,0.8154989862581663
7,0.1,250,0.8,15,0.1,0.8146483936194113
7,0.1,250,0.8,15,0.5,0.8139013452914798
7,0.1,250,1.0,5,0.0,0.8486633439057544
7,0.1,250,1.0,5,0.05,0.852347471081878
7,0.1,250,1.0,5,0.1,0.8555833522856493
7,0.1,250,1.0,5,0.5,0.8501362397820164
7,0.1,250,1.0,10,0.0,0.8284424379232506
7,0.1,250,1.0,10,0.05,0.8278190411883862
7,0.1,250,1.0,10,0.1,0.827321911632101
7,0.1,250,1.0,10,0.5,0.8280081577158396
7,0.1,250,1.0,15,0.0,0.816711590296496
7,0.1,250,1.0,15,0.05,0.8158308972340904
7,0.1,250,1.0,15,0.1,0.8148481439820022
7,0.1,250,1.0,15,0.5,0.8138645059644385
7,0.3,100,0.6,5,0.0,0.8463292293661651
7,0.3,100,0.6,5,0.05,0.8513853904282116
7,0.3,100,0.6,5,0.1,0.8468386213193335
7,0.3,100,0.6,5,0.5,0.8456467378949761
7,0.3,100,0.6,10,0.0,0.8231583690020274
7,0.3,100,0.6,10,0.05,0.8236092265943012
7,0.3,100,0.6,10,0.1,0.8178740690589031
7,0.3,100,0.6,10,0.5,0.8229166666666666
7,0.3,100,0.6,15,0.0,0.8023439260761775
7,0.3,100,0.6,15,0.05,0.8012632528761561
7,0.3,100,0.6,15,0.1,0.8057879267465521
7,0.3,100,0.6,15,0.5,0.8031496062992126
7,0.3,100,0.8,5,0.0,0.863948694457169
7,0.3,100,0.8,5,0.05,0.8638346727898967
7,0.3,100,0.8,5,0.1,0.8616438356164383
7,0.3,100,0.8,5,0.5,0.8612505705157463
7,0.3,100,0.8,10,0.0,0.8337874659400545
7,0.3,100,0.8,10,0.05,0.8330308529945554
7,0.3,100,0.8,10,0.1,0.8356507864144062
7,0.3,100,0.8,10,0.5,0.8340522133938706
7,0.3,100,0.8,15,0.0,0.8153466457258245
7,0.3,100,0.8,15,0.05,0.8178740690589031
7,0.3,100,0.8,15,0.1,0.8189402480270574
7,0.3,100,0.8,15,0.5,0.816427289048474
7,0.3,100,1.0,5,0.0,0.8616294947655895
7,0.3,100,1.0,5,0.05,0.8652708238507055
7,0.3,100,1.0,5,0.1,0.8665148063781322
7,0.3,100,1.0,5,0.5,0.8625936861230978
7,0.3,100,1.0,10,0.0,0.8379661016949153
7,0.3,100,1.0,10,0.05,0.8364379827351204
7,0.3,100,1.0,10,0.1,0.8355455568053993
7,0.3,100,1.0,10,0.5,0.8368314150304672
7,0.3,100,1.0,15,0.0,0.8204320432043204
7,0.3,100,1.0,15,0.05,0.824032403240324
7,0.3,100,1.0,15,0.1,0.8234234234234235
7,0.3,100,1.0,15,0.5,0.8228160790478329
7,0.3,150,0.6,5,0.0,0.8665743305632503
7,0.3,150,0.6,5,0.05,0.8654863186939526
7,0.3,150,0.6,5,0.1,0.8598857142857143
7,0.3,150,0.6,5,0.5,0.8600964851826327
7,0.3,150,0.6,10,0.0,0.8283970156002713
7,0.3,150,0.6,10,0.05,0.836024562201501
7,0.3,150,0.6,10,0.1,0.8326512050932242
7,0.3,150,0.6,10,0.5,0.8286167081729681
7,0.3,150,0.6,15,0.0,0.8140430351075878
7,0.3,150,0.6,15,0.05,0.8098021582733813
7,0.3,150,0.6,15,0.1,0.8136899365367181
7,0.3,150,0.6,15,0.5,0.8140909090909091
7,0.3,150,0.8,5,0.0,0.8825426070935053
7,0.3,150,0.8,5,0.05,0.880184331797235
7,0.3,150,0.8,5,0.1,0.8792825936997011
7,0.3,150,0.8,5,0.5,0.8792070078377132
7,0.3,150,0.8,10,0.0,0.8484296768320437
7,0.3,150,0.8,10,0.05,0.8511121198365865
7,0.3,150,0.8,10,0.1,0.8499432463110103
7,0.3,150,0.8,10,0.5,0.845591594335313
7,0.3,150,0.8,15,0.0,0.8285390713476783
7,0.3,150,0.8,15,0.05,0.8286816428409349
7,0.3,150,0.8,15,0.1,0.8319346790655477
7,0.3,150,0.8,15,0.5,0.8293345405160706
7,0.3,150,1.0,5,0.0,0.8832720588235294
7,0.3,150,1.0,5,0.05,0.8831882730187814
7,0.3,150,1.0,5,0.1,0.8834973678187228
7,0.3,150,1.0,5,0.5,0.8808978469995419
7,0.3,150,1.0,10,0.0,0.856687898089172
7,0.3,150,1.0,10,0.05,0.8546155590836925
7,0.3,150,1.0,10,0.1,0.8541524459613197
7,0.3,150,1.0,10,0.5,0.8538304160036372
7,0.3,150,1.0,15,0.0,0.8371460928652321
7,0.3,150,1.0,15,0.05,0.8369884693646846
7,0.3,150,1.0,15,0.1,0.8373983739837398
7,0.3,150,1.0,15,0.5,0.8329571106094809
7,0.3,250,0.6,5,0.0,0.886305510346431
7,0.3,250,0.6,5,0.05,0.887598699489085
7,0.3,250,0.6,5,0.1,0.8844104702339588
7,0.3,250,0.6,5,0.5,0.8860405499883477
7,0.3,250,0.6,10,0.0,0.8481818181818181
7,0.3,250,0.6,10,0.05,0.8535353535353535
7,0.3,250,0.6,10,0.1,0.8451216738685468
7,0.3,250,0.6,10,0.5,0.8480809009423121
7,0.3,250,0.6,15,0.0,0.8305587229190422
7,0.3,250,0.6,15,0.05,0.8227364637160188
7,0.3,250,0.6,15,0.1,0.8260376502608301
7,0.3,250,0.6,15,0.5,0.8242534761796216
7,0.3,250,0.8,5,0.0,0.8993945039590125
7,0.3,250,0.8,5,0.05,0.8968235566890795
7,0.3,250,0.8,5,0.1,0.8984031474195788
7,0.3,250,0.8,5,0.5,0.8966318234610917
7,0.3,250,0.8,10,0.0,0.8723013321084061
7,0.3,250,0.8,10,0.05,0.8724090280976509
7,0.3,250,0.8,10,0.1,0.870323617167776
7,0.3,250,0.8,10,0.5,0.8655963302752293
7,0.3,250,0.8,15,0.0,0.8470106842464197
7,0.3,250,0.8,15,0.05,0.8462064251537936
7,0.3,250,0.8,15,0.1,0.8474653330302342
7,0.3,250,0.8,15,0.5,0.8444444444444444
7,0.3,250,1.0,5,0.0,0.8997227356746765
7,0.3,250,1.0,5,0.05,0.8978085351787773
7,0.3,250,1.0,5,0.1,0.8999306678992374
7,0.3,250,1.0,5,0.5,0.8965676111495047
7,0.3,250,1.0,10,0.0,0.8770004572473709
7,0.3,250,1.0,10,0.05,0.8775229357798165
7,0.3,250,1.0,10,0.1,0.8739150296939242
7,0.3,250,1.0,10,0.5,0.8747706422018349
7,0.3,250,1.0,15,0.0,0.8548571428571429
7,0.3,250,1.0,15,0.05,0.859621091075097
7,0.3,250,1.0,15,0.1,0.8583808437856328
7,0.3,250,1.0,15,0.5,0.8546736411189447
8,0.03,100,0.6,5,0.0,0.7901123595505618
8,0.03,100,0.6,5,0.05,0.7891187050359713
8,0.03,100,0.6,5,0.1,0.7909172661870504
8,0.03,100,0.6,5,0.5,0.7903841833295888
8,0.03,100,0.6,10,0.0,0.7824513794663048
8,0.03,100,0.6,10,0.05,0.7835331372992536
8,0.03,100,0.6,10,0.1,0.7821178595619779
8,0.03,100,0.6,10,0.5,0.7825497287522604
8,0.03,100,0.6,15,0.0,0.7728813559322034
8,0.03,100,0.6,15,0.05,0.773435735260899
8,0.03,100,0.6,15,0.1,0.7729119638826185
8,0.03,100,0.6,15,0.5,0.7726039783001808
8,0.03,100,0.8,5,0.0,0.7932508436445445
8,0.03,100,0.8,5,0.05,0.7937795807978364
8,0.03,100,0.8,5,0.1,0.7933288257831869
8,0.03,100,0.8,5,0.5,0.7919191919191919
8,0.03,100,0.8,10,0.0,0.7859237536656891
8,0.03,100,0.8,10,0.05,0.7860202931228861
8,0.03,100,0.8,10,0.1,0.7853757616790792
8,0.03,100,0.8,10,0.5,0.7843933243121335
8,0.03,100,0.8,15,0.0,0.7780797101449275
8,0.03,100,0.8,15,0.05,0.777300474790866
8,0.03,100,0.8,15,0.1,0.7791619479048698
8,0.03,100,0.8,15,0.5,0.7786328655500226
8,0.03,100,1.0,5,0.0,0.7917507285362027
8,0.03,100,1.0,5,0.05,0.7919191919191919
8,0.03,100,1.0,5,0.1,0.7911150998429437
8,0.03,100,1.0,5,0.5,0.7908232118758435
8,0.03,100,1.0,10,0.0,0.7789993269015033
8,0.03,100,1.0,10,0.05,0.781516375056079
8,0.03,100,1.0,10,0.1,0.7824719101123595
8,0.03,100,1.0,10,0.5,0.7809481015502134
8,0.03,100,1.0,15,0.0,0.7759439294596427
8,0.03,100,1.0,15,0.05,0.7766463000678887
8,0.03,100,1.0,15,0.1,0.7766463000678887
8,0.03,100,1.0,15,0.5,0.7778531073446328
8,0.03,150,0.6,5,0.0,0.7967625899280576
8,0.03,150,0.6,5,0.05,0.7954033348355115
8,0.03,150,0.6,5,0.1,0.7959413754227734
8,0.03,150,0.6,5,0.5,0.7961208840775823
8,0.03,150,0.6,10,0.0,0.7885353193410065
8,0.03,150,0.6,10,0.05,0.7907817442385902
8,0.03,150,0.6,10,0.1,0.7886435331230284
8,0.03,150,0.6,10,0.5,0.7885482416591524
8,0.03,150,0.6,15,0.0,0.7786019330186559
8,0.03,150,0.6,15,0.05,0.7803013267371262
8,0.03,150,0.6,15,0.1,0.7788008084437458
8,0.03,150,0.6,15,0.5,0.7794316644113667
8,0.03,150,0.8,5,0.0,0.8023465703971119
8,0.03,150,0.8,5,0.05,0.8020762807492665
8,0.03,150,0.8,5,0.1,0.8010825439783491
8,0.03,150,0.8,5,0.5,0.7987350350124237
8,0.03,150,0.8,10,0.0,0.7904676258992805
8,0.03,150,0.8,10,0.05,0.7923423423423424
8,0.03,150,0.8,10,0.1,0.7910011248593926
8,0.03,150,0.8,10,0.5,0.7913571910871033
8,0.03,150,0.8,15,0.0,0.7845528455284553
8,0.03,150,0.8,15,0.05,0.7835837631755999
8,0.03,150,0.8,15,0.1,0.7851518560179978
8,0.03,150,0.8,15,0.5,0.7835283528352835
8,0.03,150,1.0,5,0.0,0.7979297929792979
8,0.03,150,1.0,5,0.05,0.799910071942446
8,0.03,150,1.0,5,0.1,0.7985595318478506
8,0.03,150,1.0,5,0.5,0.7995495495495496
8,0.03,150,1.0,10,0.0,0.7911890312429759
8,0.03,150,1.0,10,0.05,0.7927240062878959
8,0.03,150,1.0,10,0.1,0.7903225806451613
8,0.03,150,1.0,10,0.5,0.7905511811023622
8,0.03,150,1.0,15,0.0,0.7876465284039675
8,0.03,150,1.0,15,0.05,0.7857304131858207
8,0.03,150,1.0,15,0.1,0.7844459429085188
8,0.03,150,1.0,15,0.5,0.7860202931228861
8,0.03,250,0.6,5,0.0,0.8115810902510744
8,0.03,250,0.6,5,0.05,0.8108597285067873
8,0.03,250,0.6,5,0.1,0.8102008575942226
8,0.03,250,0.6,5,0.5,0.809771544899344
8,0.03,250,0.6,10,0.0,0.7972881355932203
8,0.03,250,0.6,10,0.05,0.7951153324287653
8,0.03,250,0.6,10,0.1,0.7959276018099547
8,0.03,250,0.6,10,0.5,0.7937655297040885
8,0.03,250,0.6,15,0.0,0.7883014623172103
8,0.03,250,0.6,15,0.05,0.7878787878787878
8,0.03,250,0.6,15,0.1,0.7893789378937894
8,0.03,250,0.6,15,0.5,0.7873201438848921
8,0.03,250,0.8,5,0.0,0.8197240443338611
8,0.03,250,0.8,5,0.05,0.8202577436129324
8,0.03,250,0.8,5,0.1,0.8190045248868778
8,0.03,250,0.8,5,0.5,0.8177095098260673
8,0.03,250,0.8,10,0.0,0.8036117381489842
8,0.03,250,0.8,10,0.05,0.8028900428990743
8,0.03,250,0.8,10,0.1,0.8015370705244123
8,0.03,250,0.8,10,0.5,0.7993688007213706
8,0.03,250,0.8,15,0.0,0.7907394920206788
8,0.03,250,0.8,15,0.05,0.7901234567901234
8,0.03,250,0.8,15,0.1,0.7889661359049114
8,0.03,250,0.8,15,0.5,0.789923526765632
8,0.03,250,1.0,5,0.0,0.8171994597028366
8,0.03,250,1.0,5,0.05,0.8179158226423587
8,0.03,250,1.0,5,0.1,0.8158779995514689
8,0.03,250,1.0,5,0.5,0.8171032012536378
8,0.03,250,1.0,10,0.0,0.8001802207704438
8,0.03,250,1.0,10,0.05,0.8036036036036036
8,0.03,250,1.0,10,0.1,0.8013498312710912
8,0.03,250,1.0,10,0.5,0.8004499437570304
8,0.03,250,1.0,15,0.0,0.7899348461019996
8,0.03,250,1.0,15,0.05,0.7906976744186046
8,0.03,250,1.0,15,0.1,0.7918349035441902
8,0.03,250,1.0,15,0.5,0.7900291938019313
8,0.05,100,0.6,5,0.0,0.7985579089680036
8,0.05,100,0.6,5,0.05,0.799370220422852
8,0.05,100,0.6,5,0.1,0.7998194538478899
8,0.05,100,0.6,5,0.5,0.7976539589442815
8,0.05,100,0.6,10,0.0,0.7873201438848921
8,0.05,100,0.6,10,0.05,0.7898404135760845
8,0.05,100,0.6,10,0.1,0.7882326521446216
8,0.05,100,0.6,10,0.5,0.7882882882882883
8,0.05,100,0.6,15,0.0,0.781707591799955
8,0.05,100,0.6,15,0.05,0.7815315315315315
8,0.05,100,0.6,15,0.1,0.7827461607949413
8,0.05,100,0.6,15,0.5,0.7815730337078651
8,0.05,100,0.8,5,0.0,0.8040540540540541
8,0.05,100,0.8,5,0.05,0.806124746678676
8,0.05,100,0.8,5,0.1,0.805674397658185
8,0.05,100,0.8,5,0.5,0.8040494938132733
8,0.05,100,0.8,10,0.0,0.7908025247971145
8,0.05,100,0.8,10,0.05,0.7914414414414415
8,0.05,100,0.8,10,0.1,0.7903516681695221
8,0.05,100,0.8,10,0.5,0.7897343538946421
8,0.05,100,0.8,15,0.0,0.7844459429085188
8,0.05,100,0.8,15,0.05,0.7838020247469066
8,0.05,100,0.8,15,0.1,0.784251968503937
8,0.05,100,0.8,15,0.5,0.7831541218637993
8,0.05,100,1.0,5,0.0,0.8028770510227017
8,0.05,100,1.0,5,0.05,0.8042256686895932
8,0.05,100,1.0,5,0.1,0.8033303330333034
8,0.05,100,1.0,5,0.5,0.8007205584327854
8,0.05,100,1.0,10,0.0,0.7913023985653441
8,0.05,100,1.0,10,0.05,0.7940647482014388
8,0.05,100,1.0,10,0.1,0.7944344703770198
8,0.05,100,1.0,10,0.5,0.7942368302566412
8,0.05,100,1.0,15,0.0,0.7851518560179978
8,0.05,100,1.0,15,0.05,0.7850214301827205
8,0.05,100,1.0,15,0.1,0.7857625591349403
8,0.05,100,1.0,15,0.5,0.7870474477175624
8,0.05,150,0.6,5,0.0,0.8123312331233123
8,0.05,150,0.6,5,0.05,0.8109082713545188
8,0.05,150,0.6,5,0.1,0.8091052512959207
8,0.05,150,0.6,5,0.5,0.8106522229744979
8,0.05,150,0.6,10,0.0,0.7934145241317095
8,0.05,150,0.6,10,0.05,0.7920035938903863
8,0.05,150,0.6,10,0.1,0.7930724246513721
8,0.05,150,0.6,10,0.5,0.7937725631768953
8,0.05,150,0.6,15,0.0,0.7885996409335727
8,0.05,150,0.6,15,0.05,0.7876881599640531
8,0.05,150,0.6,15,0.1,0.7866127583108715
8,0.05,150,0.6,15,0.5,0.7840322942363759
8,0.05,150,0.8,5,0.0,0.8196795305800045
8,0.05,150,0.8,5,0.05,0.8209528110182885
8,0.05,150,0.8,5,0.1,0.8192879675529517
8,0.05,150,0.8,5,0.5,0.8164000901103852
8,0.05,150,0.8,10,0.0,0.8006314839873703
8,0.05,150,0.8,10,0.05,0.8013513513513514
8,0.05,150,0.8,10,0.1,0.8015318765487722
8,0.05,150,0.8,10,0.5,0.798194130925508
8,0.05,150,0.8,15,0.0,0.7903117290872393
8,0.05,150,0.8,15,0.05,0.7902176351806147
8,0.05,150,0.8,15,0.1,0.7908438061041293
8,0.05,150,0.8,15,0.5,0.7905829596412556
8,0.05,150,1.0,5,0.0,0.8190604630253989
8,0.05,150,1.0,5,0.05,0.815429468490693
8,0.05,150,1.0,5,0.1,0.8161979752530933
8,0.05,150,1.0,5,0.5,0.8160610139075819
8,0.05,150,1.0,10,0.0,0.7996402068810434
8,0.05,150,1.0,10,0.05,0.8026137899954935
8,0.05,150,1.0,10,0.1,0.8042209250112259
8,0.05,150,1.0,10,0.5,0.799370220422852
8,0.05,150,1.0,15,0.0,0.7903733693207378
8,0.05,150,1.0,15,0.05,0.7915258057245886
8,0.05,150,1.0,15,0.1,0.7927158273381295
8,0.05,150,1.0,15,0.5,0.7915448617045199
8,0.05,250,0.6,5,0.0,0.831638418079096
8,0.05,250,0.6,5,0.05,0.8318223028105167
8,0.05,250,0.6,5,0.1,0.8325402220711534
8,0.05,250,0.6,5,0.5,0.8285067873303168
8,0.05,250,0.6,10,0.0,0.8059701492537313
8,0.05,250,0.6,10,0.05,0.8055931438881371
8,0.05,250,0.6,10,0.1,0.8058492688413949
8,0.05,250,0.6,10,0.5,0.8049717514124294
8,0.05,250,0.6,15,0.0,0.7969383160738406
8,0.05,250,0.6,15,0.05,0.7947853450213531
8,0.05,250,0.6,15,0.1,0.7959505061867267
8,0.05,250,0.6,15,0.5,0.7940780619111709
8,0.05,250,0.8,5,0.0,0.8406718111665911
8,0.05,250,0.8,5,0.05,0.8386950611690077
8,0.05,250,0.8,5,0.1,0.8387389430709912
8,0.05,250,0.8,5,0.5,0.8354831409821226
8,0.05,250,0.8,10,0.0,0.818058690744921
8,0.05,250,0.8,10,0.05,0.8171171171171171
8,0.05,250,0.8,10,0.1,0.8175873731679819
8,0.05,250,0.8,10,0.5,0.8130925507900677
8,0.05,250,0.8,15,0.0,0.8044893378226712
8,0.05,250,0.8,15,0.05,0.8027821404532196
8,0.05,250,0.8,15,0.1,0.8036837376460018
8,0.05,250,0.8,15,0.5,0.8019779725781074
8,0.05,250,1.0,5,0.0,0.8382286488929056
8,0.05,250,1.0,5,0.05,0.833408172429277
8,0.05,250,1.0,5,0.1,0.835209365150833
8,0.05,250,1.0,5,0.5,0.8348022598870056
8,0.05,250,1.0,10,0.0,0.8179158226423587
8,0.05,250,1.0,10,0.05,0.8176695965742619
8,0.05,250,1.0,10,0.1,0.8186318631863186
8,0.05,250,1.0,10,0.5,0.8161333934204597
8,0.05,250,1.0,15,0.0,0.800359308331462
8,0.05,250,1.0,15,0.05,0.8003601170380373
8,0.05,250,1.0,15,0.1,0.8057489333033909
8,0.05,250,1.0,15,0.5,0.7984670874661858
8,0.1,100,0.6,5,0.0,0.822569680489463
8,0.1,100,0.6,5,0.05,0.8175844096986177
8,0.1,100,0.6,5,0.1,0.818140589569161
8,0.1,100,0.6,5,0.5,0.8205128205128205
8,0.1,100,0.6,10,0.0,0.7986516853932585
8,0.1,100,0.6,10,0.05,0.8000896458987001
8,0.1,100,0.6,10,0.1,0.7979367571204306
8,0.1,100,0.6,10,0.5,0.7948833034111311
8,0.1,100,0.6,15,0.0,0.7858257187430354
8,0.1,100,0.6,15,0.05,0.7909172661870504
8,0.1,100,0.6,15,0.1,0.7884486232370719
8,0.1,100,0.6,15,0.5,0.782279608192342
8,0.1,100,0.8,5,0.0,0.8332201855623445
8,0.1,100,0.8,5,0.05,0.8318223028105167
8,0.1,100,0.8,5,0.1,0.8308873334838563
8,0.1,100,0.8,5,0.5,0.8283835864883247
8,0.1,100,0.8,10,0.0,0.8084532374100719
8,0.1,100,0.8,10,0.05,0.8096745027124774
8,0.1,100,0.8,10,0.1,0.8100067613252198
8,0.1,100,0.8,10,0.5,0.8065750956991669
8,0.1,100,0.8,15,0.0,0.7964998878169172
8,0.1,100,0.8,15,0.05,0.7943611546207205
8,0.1,100,0.8,15,0.1,0.7976723366159355
8,0.1,100,0.8,15,0.5,0.7933736288336691
8,0.1,100,1.0,5,0.0,0.8303671998197792
8,0.1,100,1.0,5,0.05,0.8290366350067843
8,0.1,100,1.0,5,0.1,0.833107803337844
8,0.1,100,1.0,5,0.5,0.8256467941507312
8,0.1,100,1.0,10,0.0,0.8134983127109111
8,0.1,100,1.0,10,0.05,0.8118097813838179
8,0.1,100,1.0,10,0.1,0.8123729961616618
8,0.1,100,1.0,10,0.5,0.8080898876404494
8,0.1,100,1.0,15,0.0,0.7985595318478506
8,0.1,100,1.0,15,0.05,0.7962255672882498
8,0.1,100,1.0,15,0.1,0.7971242417434284
8,0.1,100,1.0,15,0.5,0.7982022471910112
8,0.1,150,0.6,5,0.0,0.8392857142857143
8,0.1,150,0.6,5,0.05,0.8360730593607306
8,0.1,150,0.6,5,0.1,0.8359428182437032
8,0.1,150,0.6,5,0.5,0.8337887067395264
8,0.1,150,0.6,10,0.0,0.8091258188389429
8,0.1,150,0.6,10,0.05,0.8119079837618404
8,0.1,150,0.6,10,0.1,0.81214848143982
8,0.1,150,0.6,10,0.5,0.8086642599277978
8,0.1,150,0.6,15,0.0,0.7938282647584973
8,0.1,150,0.6,15,0.05,0.7953321364452424
8,0.1,150,0.6,15,0.1,0.7957809694793537
8,0.1,150,0.6,15,0.5,0.7955005624296962
8,0.1,150,0.8,5,0.0,0.8466453674121406
8,0.1,150,0.8,5,0.05,0.8491036986612208
8,0.1,150,0.8,5,0.1,0.8456467378949761
8,0.1,150,0.8,5,0.5,0.844474761255116
8,0.1,150,0.8,10,0.0,0.8203741266621591
8,0.1,150,0.8,10,0.05,0.8208719222950079
8,0.1,150,0.8,10,0.1,0.8214285714285714
8,0.1,150,0.8,10,0.5,0.8206399278954484
8,0.1,150,0.8,15,0.0,0.8062921348314607
8,0.1,150,0.8,15,0.05,0.8079083352055718
8,0.1,150,0.8,15,0.1,0.8067340067340067
8,0.1,150,0.8,15,0.5,0.8075539568345323
8,0.1,150,1.0,5,0.0,0.8470802090433992
8,0.1,150,1.0,5,0.05,0.8447767958305008
8,0.1,150,1.0,5,0.1,0.8479492408792205
8,0.1,150,1.0,5,0.5,0.8438418079096045
8,0.1,150,1.0,10,0.0,0.8250959151433085
8,0.1,150,1.0,10,0.05,0.8239564428312159
8,0.1,150,1.0,10,0.1,0.8227876604368386
8,0.1,150,1.0,10,0.5,0.8211143695014663
8,0.1,150,1.0,15,0.0,0.8104457451598379
8,0.1,150,1.0,15,0.05,0.8101778878630939
8,0.1,150,1.0,15,0.1,0.8082037412666216
8,0.1,150,1.0,15,0.5,0.8042209250112259
8,0.1,250,0.6,5,0.0,0.8600321765111468
8,0.1,250,0.6,5,0.05,0.8608996539792387
8,0.1,250,0.6,5,0.1,0.858451672010994
8,0.1,250,0.6,5,0.5,0.8549723756906077
8,0.1,250,0.6,10,0.0,0.8244135732179458
8,0.1,250,0.6,10,0.05,0.8249204183719873
8,0.1,250,0.6,10,0.1,0.8220108695652174
8,0.1,250,0.6,10,0.5,0.8208719222950079
8,0.1,250,0.6,15,0.0,0.8051305130513051
8,0.1,250,0.6,15,0.05,0.8041376208680009
8,0.1,250,0.6,15,0.1,0.8053057553956835
8,0.1,250,0.6,15,0.5,0.8036837376460018
8,0.1,250,0.8,5,0.0,0.8717361429225836
8,0.1,250,0.8,5,0.05,0.8736528319192846
8,0.1,250,0.8,5,0.1,0.8708571428571429
8,0.1,250,0.8,5,0.5,0.8702044566965311
8,0.1,250,0.8,10,0.0,0.8381686310063463
8,0.1,250,0.8,10,0.05,0.8347707671357241
8,0.1,250,0.8,10,0.1,0.8387096774193549
8,0.1,250,0.8,10,0.5,0.8352647125653261
8,0.1,250,0.8,15,0.0,0.8189189189189189
8,0.1,250,0.8,15,0.05,0.8178137651821862
8,0.1,250,0.8,15,0.1,0.8203741266621591
8,0.1,250,0.8,15,0.5,0.8169773186615764
8,0.1,250,1.0,5,0.0,0.8717247664616086
8,0.1,250,1.0,5,0.05,0.8722627737226277
8,0.1,250,1.0,5,0.1,0.8733424782807498
8,0.1,250,1.0,5,0.5,0.8696444849589791
8,0.1,250,1.0,10,0.0,0.8422005886348201
8,0.1,250,1.0,10,0.05,0.8396290432028952
8,0.1,250,1.0,10,0.1,0.8424875170222424
8,0.1,250,1.0,10,0.5,0.8391038696537678
8,0.1,250,1.0,15,0.0,0.8278041074249605
8,0.1,250,1.0,15,0.05,0.8214366133753659
8,0.1,250,1.0,15,0.1,0.8223373114163477
8,0.1,250,1.0,15,0.5,0.8238213399503722
8,0.3,100,0.6,5,0.0,0.8584558823529411
8,0.3,100,0.6,5,0.05,0.8575992697398448
8,0.3,100,0.6,5,0.1,0.8607711844839528
8,0.3,100,0.6,5,0.5,0.8589832068092937
8,0.3,100,0.6,10,0.0,0.8236632536973834
8,0.3,100,0.6,10,0.05,0.820814479638009
8,0.3,100,0.6,10,0.1,0.8217124687712923
8,0.3,100,0.6,10,0.5,0.8236889692585895
8,0.3,100,0.6,15,0.0,0.8065025965229171
8,0.3,100,0.6,15,0.05,0.8068437640702386
8,0.3,100,0.6,15,0.1,0.8061178587494376
8,0.3,100,0.6,15,0.5,0.8072072072072072
8,0.3,100,0.8,5,0.0,0.8799444829979182
8,0.3,100,0.8,5,0.05,0.8809248554913295
8,0.3,100,0.8,5,0.1,0.8772413793103448
8,0.3,100,0.8,5,0.5,0.8714980319518407
8,0.3,100,0.8,10,0.0,0.8403745147293903
8,0.3,100,0.8,10,0.05,0.8422252621979024
8,0.3,100,0.8,10,0.1,0.842177180596675
8,0.3,100,0.8,10,0.5,0.8382687927107062
8,0.3,100,0.8,15,0.0,0.8244343891402715
8,0.3,100,0.8,15,0.05,0.8241434082142046
8,0.3,100,0.8,15,0.1,0.8231030577576444
8,0.3,100,0.8,15,0.5,0.819620253164557
8,0.3,100,1.0,5,0.0,0.8835396607060981
8,0.3,100,1.0,5,0.05,0.8811156835848194
8,0.3,100,1.0,5,0.1,0.8833792470156107
8,0.3,100,1.0,5,0.5,0.8770885786221103
8,0.3,100,1.0,10,0.0,0.8510445049954587
8,0.3,100,1.0,10,0.05,0.8521223185759927
8,0.3,100,1.0,10,0.1,0.8496138119036801
8,0.3,100,1.0,10,0.5,0.8496821071752951
8,0.3,100,1.0,15,0.0,0.8307414919990985
8,0.3,100,1.0,15,0.05,0.8298399819697995
8,0.3,100,1.0,15,0.1,0.8274146120787153
8,0.3,100,1.0,15,0.5,0.8303510758776897
8,0.3,150,0.6,5,0.0,0.8775746355010414
8,0.3,150,0.6,5,0.05,0.876036866359447
8,0.3,150,0.6,5,0.1,0.8779926335174953
8,0.3,150,0.6,5,0.5,0.8703661063780797
8,0.3,150,0.6,10,0.0,0.8355233348436792
8,0.3,150,0.6,10,0.05,0.8367626886145405
8,0.3,150,0.6,10,0.1,0.8331822302810517
8,0.3,150,0.6,10,0.5,0.839151266255989
8,0.3,150,0.6,15,0.0,0.8169905106190691
8,0.3,150,0.6,15,0.05,0.8162989644304367
8,0.3,150,0.6,15,0.1,0.815082411379544
8,0.3,150,0.6,15,0.5,0.8140635564570656
8,0.3,150,0.8,5,0.0,0.8944560426815125
8,0.3,150,0.8,5,0.05,0.8951631566766952
8,0.3,150,0.8,5,0.1,0.8944560426815125
8,0.3,150,0.8,5,0.5,0.8927992590877518
8,0.3,150,0.8,10,0.0,0.8560329067641682
8,0.3,150,0.8,10,0.05,0.8596851471594799
8,0.3,150,0.8,10,0.1,0.8617998163452709
8,0.3,150,0.8,10,0.5,0.8559708295350957
8,0.3,150,0.8,15,0.0,0.8378009995456611
8,0.3,150,0.8,15,0.05,0.8337502842847396
8,0.3,150,0.8,15,0.1,0.8318985047575895
8,0.3,150,0.8,15,0.5,0.828649138712602
8,0.3,150,1.0,5,0.0,0.8955776800185228
8,0.3,150,1.0,5,0.05,0.8956942205848492
8,0.3,150,1.0,5,0.1,0.8995126479461591
8,0.3,150,1.0,5,0.5,0.8926189928719246
8,0.3,150,1.0,10,0.0,0.8690476190476191
8,0.3,150,1.0,10,0.05,0.8680365296803653
8,0.3,150,1.0,10,0.1,0.8663763465505386
8,0.3,150,1.0,10,0.5,0.8686868686868687
8,0.3,150,1.0,15,0.0,0.8474114441416893
8,0.3,150,1.0,15,0.05,0.8460313850352513
8,0.3,150,1.0,15,0.1,0.8437856328392246
8,0.3,150,1.0,15,0.5,0.8433461800045341
8,0.3,250,0.6,5,0.0,0.8959254947613504
8,0.3,250,0.6,5,0.05,0.8940412705773244
8,0.3,250,0.6,5,0.1,0.8937847866419295
8,0.3,250,0.6,5,0.5,0.8881183541377716
8,0.3,250,0.6,10,0.0,0.8551090700344431
8,0.3,250,0.6,10,0.05,0.8541905855338691
8,0.3,250,0.6,10,0.1,0.853529547022304
8,0.3,250,0.6,10,0.5,0.8524891030052765
8,0.3,250,0.6,15,0.0,0.824118316268487
8,0.3,250,0.6,15,0.05,0.8254471360652026
8,0.3,250,0.6,15,0.1,0.8301800775017096
8,0.3,250,0.6,15,0.5,0.8287343215507411
8,0.3,250,0.8,5,0.0,0.9098993681254388
8,0.3,250,0.8,5,0.05,0.9101964452759589
8,0.3,250,0.8,5,0.1,0.9114754098360656
8,0.3,250,0.8,5,0.5,0.9098112328128641
8,0.3,250,0.8,10,0.0,0.8807212205270458
8,0.3,250,0.8,10,0.05,0.8804624277456647
8,0.3,250,0.8,10,0.1,0.881849710982659
8,0.3,250,0.8,10,0.5,0.8752876208007363
8,0.3,250,0.8,15,0.0,0.8523090992226795
8,0.3,250,0.8,15,0.05,0.8551188299817185
8,0.3,250,0.8,15,0.1,0.8537422751201648
8,0.3,250,0.8,15,0.5,0.8481675392670157
8,0.3,250,1.0,5,0.0,0.9132462686567164
8,0.3,250,1.0,5,0.05,0.9128708245736977
8,0.3,250,1.0,5,0.1,0.9118881118881119
8,0.3,250,1.0,5,0.5,0.9084146908414691
8,0.3,250,1.0,10,0.0,0.8869965477560414
8,0.3,250,1.0,10,0.05,0.8876093965914326
8,0.3,250,1.0,10,0.1,0.8895066018068103
8,0.3,250,1.0,10,0.5,0.8875028875028875
8,0.3,250,1.0,15,0.0,0.8664226898444648
8,0.3,250,1.0,15,0.05,0.8666666666666667
8,0.3,250,1.0,15,0.1,0.8678726814746965
8,0.3,250,1.0,15,0.5,0.8624857468643101
9,0.03,100,0.6,5,0.0,0.7943904094096358
9,0.03,100,0.6,5,0.05,0.7957427536231884
9,0.03,100,0.6,5,0.1,0.7944093778178539
9,0.03,100,0.6,5,0.5,0.795295182085501
9,0.03,100,0.6,10,0.0,0.7849875650011304
9,0.03,100,0.6,10,0.05,0.7871376811594203
9,0.03,100,0.6,10,0.1,0.7852455306630459
9,0.03,100,0.6,10,0.5,0.7839855236371862
9,0.03,100,0.6,15,0.0,0.774791054890445
9,0.03,100,0.6,15,0.05,0.7751412429378531
9,0.03,100,0.6,15,0.1,0.7739602169981917
9,0.03,100,0.6,15,0.5,0.7706919945725916
9,0.03,100,0.8,5,0.0,0.801632282929041
9,0.03,100,0.8,5,0.05,0.8008148483476686
9,0.03,100,0.8,5,0.1,0.8024467603081106
9,0.03,100,0.8,5,0.5,0.7998188405797102
9,0.03,100,0.8,10,0.0,0.7881259913890777
9,0.03,100,0.8,10,0.05,0.7881259913890777
9,0.03,100,0.8,10,0.1,0.7872340425531915
9,0.03,100,0.8,10,0.5,0.7866998416647817
9,0.03,100,0.8,15,0.0,0.7799227799227799
9,0.03,100,0.8,15,0.05,0.78
9,0.03,100,0.8,15,0.1,0.7793917385383567
9,0.03,100,0.8,15,0.5,0.7810650887573964
9,0.03,100,1.0,5,0.0,0.7955005624296962
9,0.03,100,1.0,5,0.05,0.7956844234659474
9,0.03,100,1.0,5,0.1,0.7954136690647482
9,0.03,100,1.0,5,0.5,0.7938862665767589
9,0.03,100,1.0,10,0.0,0.7863749154071735
9,0.03,100,1.0,10,0.05,0.7846501128668172
9,0.03,100,1.0,10,0.1,0.7850678733031674
9,0.03,100,1.0,10,0.5,0.7842605156037992
9,0.03,100,1.0,15,0.0,0.7808963331824355
9,0.03,100,1.0,15,0.05,0.781447963800905
9,0.03,100,1.0,15,0.1,0.7797376752600633
9,0.03,100,1.0,15,0.5,0.7817028985507246
9,0.03,150,0.6,5,0.0,0.8021680216802168
9,0.03,150,0.6,5,0.05,0.8029857498303551
9,0.03,150,0.6,5,0.1,0.8024467603081106
9,0.03,150,0.6,5,0.5,0.8003617454216595
9,0.03,150,0.6,10,0.0,0.7909706546275395
9,0.03,150,0.6,10,0.05,0.7905191873589165
9,0.03,150,0.6,10,0.1,0.7904245709123758
9,0.03,150,0.6,10,0.5,0.7893549842129003
9,0.03,150,0.6,15,0.0,0.7821782178217822
9,0.03,150,0.6,15,0.05,0.7805536799459825
9,0.03,150,0.6,15,0.1,0.7811584403876494
9,0.03,150,0.6,15,0.5,0.7806306306306307
9,0.03,150,0.8,5,0.0,0.8093297101449275
9,0.03,150,0.8,5,0.05,0.8088567555354722
9,0.03,150,0.8,5,0.1,0.8076138681169273
9,0.03,150,0.8,5,0.5,0.8070652173913043
9,0.03,150,0.8,10,0.0,0.7935003385240352
9,0.03,150,0.8,10,0.05,0.7945823927765236
9,0.03,150,0.8,10,0.1,0.7921550946798918
9,0.03,150,0.8,10,0.5,0.7941242937853107
9,0.03,150,0.8,15,0.0,0.7867298578199052
9,0.03,150,0.8,15,0.05,0.7865523465703971
9,0.03,150,0.8,15,0.1,0.788783355947535
9,0.03,150,0.8,15,0.5,0.7858111161319475
9,0.03,150,1.0,5,0.0,0.8057748702909994
9,0.03,150,1.0,5,0.05,0.8069541657258975
9,0.03,150,1.0,5,0.1,0.8057813911472448
9,0.03,150,1.0,5,0.5,0.8045095828635851
9,0.03,150,1.0,10,0.0,0.7941375422773393
9,0.03,150,1.0,10,0.05,0.7936794582392777
9,0.03,150,1.0,10,0.1,0.7970128988458928
9,0.03,150,1.0,10,0.5,0.794755877034358
9,0.03,150,1.0,15,0.0,0.7870996842580064
9,0.03,150,1.0,15,0.05,0.7871956717763751
9,0.03,150,1.0,15,0.1,0.7872628726287263
9,0.03,150,1.0,15,0.5,0.7868926553672316
9,0.03,250,0.6,5,0.0,0.8173794976238968
9,0.03,250,0.6,5,0.05,0.8163726820443238
9,0.03,250,0.6,5,0.1,0.8166969147005445
9,0.03,250,0.6,5,0.5,0.8159203980099502
9,0.03,250,0.6,10,0.0,0.7957427536231884
9,0.03,250,0.6,10,0.05,0.7966485507246377
9,0.03,250,0.6,10,0.1,0.7961077166779814
9,0.03,250,0.6,10,0.5,0.7950226244343891
9,0.03,250,0.6,15,0.0,0.7896629213483146
9,0.03,250,0.6,15,0.05,0.7896512935883014
9,0.03,250,0.6,15,0.1,0.7897343538946421
9,0.03,250,0.6,15,0.5,0.7881508078994613
9,0.03,250,0.8,5,0.0,0.8272583201267829
9,0.03,250,0.8,5,0.05,0.8286363636363636
9,0.03,250,0.8,5,0.1,0.82571299230421
9,0.03,250,0.8,5,0.5,0.8242205151378219
9,0.03,250,0.8,10,0.0,0.805323708549515
9,0.03,250,0.8,10,0.05,0.805323708549515
9,0.03,250,0.8,10,0.1,0.8045095828635851
9,0.03,250,0.8,10,0.5,0.800902934537246
9,0.03,250,0.8,15,0.0,0.7903008531656938
9,0.03,250,0.8,15,0.05,0.7905723905723906
9,0.03,250,0.8,15,0.1,0.7924358397118415
9,0.03,250,0.8,15,0.5,0.792070286100473
9,0.03,250,1.0,5,0.0,0.8277877697841727
9,0.03,250,1.0,5,0.05,0.8263419034731619
9,0.03,250,1.0,5,0.1,0.8240594728542464
9,0.03,250,1.0,5,0.5,0.8239277652370203
9,0.03,250,1.0,10,0.0,0.8073104693140795
9,0.03,250,1.0,10,0.05,0.8091912592926335
9,0.03,250,1.0,10,0.1,0.8068437640702386
9,0.03,250,1.0,10,0.5,0.8041422782530392
9,0.03,250,1.0,15,0.0,0.7954802259887006
9,0.03,250,1.0,15,0.05,0.7919946031032157
9,0.03,250,1.0,15,0.1,0.7909070447895566
9,0.03,250,1.0,15,0.5,0.7932508436445445
9,0.05,100,0.6,5,0.0,0.8052417532760958
9,0.05,100,0.6,5,0.05,0.803793181305035
9,0.05,100,0.6,5,0.1,0.8038817422703679
9,0.05,100,0.6,5,0.5,0.8016267510167194
9,0.05,100,0.6,10,0.0,0.7903625309614951
9,0.05,100,0.6,10,0.05,0.7892134831460674
9,0.05,100,0.6,10,0.1,0.7907081641858367
9,0.05,100,0.6,10,0.5,0.7896512935883014
9,0.05,100,0.6,15,0.0,0.7815937149270482
9,0.05,100,0.6,15,0.05,0.7827065976131502
9,0.05,100,0.6,15,0.1,0.7828442437923251
9,0.05,100,0.6,15,0.5,0.7835097995043929
9,0.05,100,0.8,5,0.0,0.8130228351797423
9,0.05,100,0.8,5,0.05,0.8131073446327683
9,0.05,100,0.8,5,0.1,0.8126410835214447
9,0.05,100,0.8,5,0.5,0.8087505638249888
9,0.05,100,0.8,10,0.0,0.7939448712155445
9,0.05,100,0.8,10,0.05,0.7955726225434832
9,0.05,100,0.8,10,0.1,0.7947617972454278
9,0.05,100,0.8,10,0.5,0.7909706546275395
9,0.05,100,0.8,15,0.0,0.7864864864864864
9,0.05,100,0.8,15,0.05,0.7869222096956031
9,0.05,100,0.8,15,0.1,0.7857785778577858
9,0.05,100,0.8,15,0.5,0.7866335515917814
9,0.05,100,1.0,5,0.0,0.8133906356028048
9,0.05,100,1.0,5,0.05,0.8113846848881862
9,0.05,100,1.0,5,0.1,0.8132066938037087
9,0.05,100,1.0,5,0.5,0.8098575627402216
9,0.05,100,1.0,10,0.0,0.7954853273137698
9,0.05,100,1.0,10,0.05,0.7954136690647482
9,0.05,100,1.0,10,0.1,0.7982832618025751
9,0.05,100,1.0,10,0.5,0.7954033348355115
9,0.05,100,1.0,15,0.0,0.7881241565452092
9,0.05,100,1.0,15,0.05,0.7881107858590407
9,0.05,100,1.0,15,0.1,0.7879469305149539
9,0.05,100,1.0,15,0.5,0.7877422262280307
9,0.05,150,0.6,5,0.0,0.8199458483754513
9,0.05,150,0.6,5,0.05,0.8197317572175494
9,0.05,150,0.6,5,0.1,0.818161180476731
9,0.05,150,0.6,5,0.5,0.8168440117726964
9,0.05,150,0.6,10,0.0,0.7963046417305092
9,0.05,150,0.6,10,0.05,0.7932508436445445
9,0.05,150,0.6,10,0.1,0.7967552951780081
9,0.05,150,0.6,10,0.5,0.7942433100966944
9,0.05,150,0.6,15,0.0,0.7865319865319865
9,0.05,150,0.6,15,0.05,0.7880018042399639
9,0.05,150,0.6,15,0.1,0.7882326521446216
9,0.05,150,0.6,15,0.5,0.7882194244604317
9,0.05,150,0.8,5,0.0,0.8294889190411578
9,0.05,150,0.8,5,0.05,0.8289592760180996
9,0.05,150,0.8,5,0.1,0.8286294874689546
9,0.05,150,0.8,5,0.5,0.8241137954391511
9,0.05,150,0.8,10,0.0,0.8045925258892391
9,0.05,150,0.8,10,0.05,0.8042447505080154
9,0.05,150,0.8,10,0.1,0.8038017651052274
9,0.05,150,0.8,10,0.5,0.8013528748590756
9,0.05,150,0.8,15,0.0,0.7920035938903863
9,0.05,150,0.8,15,0.05,0.7930568079350766
9,0.05,150,0.8,15,0.1,0.7915543575920935
9,0.05,150,0.8,15,0.5,0.7920969914683431
9,0.05,150,1.0,5,0.0,0.827027027027027
9,0.05,150,1.0,5,0.05,0.8251464623704371
9,0.05,150,1.0,5,0.1,0.8242451554754394
9,0.05,150,1.0,5,0.5,0.8264201983769162
9,0.05,150,1.0,10,0.0,0.8080989876265466
9,0.05,150,1.0,10,0.05,0.8081081081081081
9,0.05,150,1.0,10,0.1,0.8080126040963314
9,0.05,150,1.0,10,0.5,0.8055931438881371
9,0.05,150,1.0,15,0.0,0.7937007874015748
9,0.05,150,1.0,15,0.05,0.7930724246513721
9,0.05,150,1.0,15,0.1,0.7927158273381295
9,0.05,150,1.0,15,0.5,0.7937007874015748
9,0.05,250,0.6,5,0.0,0.8352941176470589
9,0.05,250,0.6,5,0.05,0.835304822565969
9,0.05,250,0.6,5,0.1,0.8394160583941606
9,0.05,250,0.6,5,0.5,0.8344702137335153
9,0.05,250,0.6,10,0.0,0.8092016238159675
9,0.05,250,0.6,10,0.05,0.8071203244704822
9,0.05,250,0.6,10,0.1,0.8102864877058426
9,0.05,250,0.6,10,0.5,0.806131650135257
9,0.05,250,0.6,15,0.0,0.795959595959596
9,0.05,250,0.6,15,0.05,0.7941769316909294
9,0.05,250,0.6,15,0.1,0.7944156721459131
9,0.05,250,0.6,15,0.5,0.7944344703770198
9,0.05,250,0.8,5,0.0,0.8524440383736867
9,0.05,250,0.8,5,0.05,0.8483878344386006
9,0.05,250,0.8,5,0.1,0.8501598903608953
9,0.05,250,0.8,5,0.5,0.8436363636363636
9,0.05,250,0.8,10,0.0,0.8224172856178258
9,0.05,250,0.8,10,0.05,0.8212189616252822
9,0.05,250,0.8,10,0.1,0.8207333635129017
9,0.05,250,0.8,10,0.5,0.8181818181818182
9,0.05,250,0.8,15,0.0,0.8038599640933572
9,0.05,250,0.8,15,0.05,0.8062921348314607
9,0.05,250,0.8,15,0.1,0.805668016194332
9,0.05,250,0.8,15,0.5,0.8038643001572681
9,0.05,250,1.0,5,0.0,0.8507259528130672
9,0.05,250,1.0,5,0.05,0.8509387016512101
9,0.05,250,1.0,5,0.1,0.8465368945224083
9,0.05,250,1.0,5,0.5,0.8442530038540014
9,0.05,250,1.0,10,0.0,0.8241931843827578
9,0.05,250,1.0,10,0.05,0.8205359153343842
9,0.05,250,1.0,10,0.1,0.8240343347639485
9,0.05,250,1.0,10,0.5,0.8187345192524206
9,0.05,250,1.0,15,0.0,0.8033228558599013
9,0.05,250,1.0,15,0.05,0.8041329739442947
9,0.05,250,1.0,15,0.1,0.8041329739442947
9,0.05,250,1.0,15,0.5,0.8027057497181511
9,0.1,100,0.6,5,0.0,0.8275705186533212
9,0.1,100,0.6,5,0.05,0.8291240045506257
9,0.1,100,0.6,5,0.1,0.8320767649074708
9,0.1,100,0.6,5,0.5,0.8237965485921889
9,0.1,100,0.6,10,0.0,0.8023412877082395
9,0.1,100,0.6,10,0.05,0.799910071942446
9,0.1,100,0.6,10,0.1,0.8002689979825152
9,0.1,100,0.6,10,0.5,0.7980229161986071
9,0.1,100,0.6,15,0.0,0.787905935050392
9,0.1,100,0.6,15,0.05,0.7861607142857143
9,0.1,100,0.6,15,0.1,0.7880690737833596
9,0.1,100,0.6,15,0.5,0.7871342416796963
9,0.1,100,0.8,5,0.0,0.8413384930571364
9,0.1,100,0.8,5,0.05,0.8385782205116595
9,0.1,100,0.8,5,0.1,0.8404351767905711
9,0.1,100,0.8,5,0.5,0.8364880273660206
9,0.1,100,0.8,10,0.0,0.8121758737316798
9,0.1,100,0.8,10,0.05,0.8138273836421148
9,0.1,100,0.8,10,0.1,0.8123160516187458
9,0.1,100,0.8,10,0.5,0.8083953960731212
9,0.1,100,0.8,15,0.0,0.7951536908234238
9,0.1,100,0.8,15,0.05,0.7967698519515478
9,0.1,100,0.8,15,0.1,0.7949753252579632
9,0.1,100,0.8,15,0.5,0.7956122677412133
9,0.1,100,1.0,5,0.0,0.835179742256387
9,0.1,100,1.0,5,0.05,0.8380393042692569
9,0.1,100,1.0,5,0.1,0.8373983739837398
9,0.1,100,1.0,5,0.5,0.8335967487017385
9,0.1,100,1.0,10,0.0,0.818161283035916
9,0.1,100,1.0,10,0.05,0.8178740690589031
9,0.1,100,1.0,10,0.1,0.8198645598194131
9,0.1,100,1.0,10,0.5,0.8149146451033243
9,0.1,100,1.0,15,0.0,0.7999102736653207
9,0.1,100,1.0,15,0.05,0.7995495495495496
9,0.1,100,1.0,15,0.1,0.7988325101032779
9,0.1,100,1.0,15,0.5,0.8001802207704438
9,0.1,150,0.6,5,0.0,0.8415051311288484
9,0.1,150,0.6,5,0.05,0.8434782608695652
9,0.1,150,0.6,5,0.1,0.846118511713367
9,0.1,150,0.6,5,0.5,0.8381950774840474
9,0.1,150,0.6,10,0.0,0.8145965548504079
9,0.1,150,0.6,10,0.05,0.8112014453477868
9,0.1,150,0.6,10,0.1,0.8151165422041186
9,0.1,150,0.6,10,0.5,0.8085106382978723
9,0.1,150,0.6,15,0.0,0.79336620349619
9,0.1,150,0.6,15,0.05,0.7943485086342229
9,0.1,150,0.6,15,0.1,0.7969520394441955
9,0.1,150,0.6,15,0.5,0.7957714799820063
9,0.1,150,0.8,5,0.0,0.8583143507972665
9,0.1,150,0.8,5,0.05,0.8557736193518941
9,0.1,150,0.8,5,0.1,0.8583808437856328
9,0.1,150,0.8,5,0.5,0.8538145271813613
9,0.1,150,0.8,10,0.0,0.8237955213752545
9,0.1,150,0.8,10,0.05,0.8248357126671199
9,0.1,150,0.8,10,0.1,0.8269927536231884
9,0.1,150,0.8,10,0.5,0.8222272419245539
9,0.1,150,0.8,15,0.0,0.8081669284271932
9,0.1,150,0.8,15,0.05,0.8057424854194706
9,0.1,150,0.8,15,0.1,0.8067264573991031
9,0.1,150,0.8,15,0.5,0.8092981268336719
9,0.1,150,1.0,5,0.0,0.8566886213945037
9,0.1,150,1.0,5,0.05,0.8609783845278726
9,0.1,150,1.0,5,0.1,0.8571428571428571
9,0.1,150,1.0,5,0.5,0.8570778334091943
9,0.1,150,1.0,10,0.0,0.830393487109905
9,0.1,150,1.0,10,0.05,0.831262706121527
9,0.1,150,1.0,10,0.1,0.8322813345356177
9,0.1,150,1.0,10,0.5,0.8314556106354214
9,0.1,150,1.0,15,0.0,0.8119079837618404
9,0.1,150,1.0,15,0.05,0.8149650664863647
9,0.1,150,1.0,15,0.1,0.8112739571589628
9,0.1,150,1.0,15,0.5,0.8108837418484371
9,0.1,250,0.6,5,0.0,0.867020050702927
9,0.1,250,0.6,5,0.05,0.8662683823529411
9,0.1,250,0.6,5,0.1,0.8681420009220839
9,0.1,250,0.6,5,0.5,0.8635110294117647
9,0.1,250,0.6,10,0.0,0.8266909587793213
9,0.1,250,0.6,10,0.05,0.8247843849296413
9,0.1,250,0.6,10,0.1,0.8246812386156649
9,0.1,250,0.6,10,0.5,0.825
9,0.1,250,0.6,15,0.0,0.8073022312373225
9,0.1,250,0.6,15,0.05,0.8022497187851518
9,0.1,250,0.6,15,0.1,0.8110058637798827
9,0.1,250,0.6,15,0.5,0.8028770510227017
9,0.1,250,0.8,5,0.0,0.8799815710665745
9,0.1,250,0.8,5,0.05,0.8817551963048499
9,0.1,250,0.8,5,0.1,0.8835600645607563
9,0.1,250,0.8,5,0.5,0.8755739210284664
9,0.1,250,0.8,10,0.0,0.8442827915435326
9,0.1,250,0.8,10,0.05,0.8473265073947668
9,0.1,250,0.8,10,0.1,0.8453278501256568
9,0.1,250,0.8,10,0.5,0.8410535876475931
9,0.1,250,0.8,15,0.0,0.8222272419245539
9,0.1,250,0.8,15,0.05,0.8203971119133574
9,0.1,250,0.8,15,0.1,0.8227046585255541
9,0.1,250,0.8,15,0.5,0.8214043802212689
9,0.1,250,1.0,5,0.0,0.8864367816091954
9,0.1,250,1.0,5,0.05,0.8840312931431201
9,0.1,250,1.0,5,0.1,0.8846681922196796
9,0.1,250,1.0,5,0.5,0.8812858783008036
9,0.1,250,1.0,10,0.0,0.8513359214432519
9,0.1,250,1.0,10,0.05,0.8527131782945736
9,0.1,250,1.0,10,0.1,0.8477422282732017
9,0.1,250,1.0,10,0.5,0.8468181818181818
9,0.1,250,1.0,15,0.0,0.8297199638663053
9,0.1,250,1.0,15,0.05,0.8297632468996617
9,0.1,250,1.0,15,0.1,0.827027027027027
9,0.1,250,1.0,15,0.5,0.82650983940285
9,0.3,100,0.6,5,0.0,0.8651012891344383
9,0.3,100,0.6,5,0.05,0.8650391524643022
9,0.3,100,0.6,5,0.1,0.8660550458715597
9,0.3,100,0.6,5,0.5,0.859180855959503
9,0.3,100,0.6,10,0.0,0.8255707762557077
9,0.3,100,0.6,10,0.05,0.8224425416854438
9,0.3,100,0.6,10,0.1,0.8273201724529158
9,0.3,100,0.6,10,0.5,0.8245415440344125
9,0.3,100,0.6,15,0.0,0.8068747173224785
9,0.3,100,0.6,15,0.05,0.807631874298541
9,0.3,100,0.6,15,0.1,0.807277628032345
9,0.3,100,0.6,15,0.5,0.8083859332732192
9,0.3,100,0.8,5,0.0,0.8839471855455178
9,0.3,100,0.8,5,0.05,0.8893518518518518
9,0.3,100,0.8,5,0.1,0.8865788865788866
9,0.3,100,0.8,5,0.5,0.8810735770476631
9,0.3,100,0.8,10,0.0,0.8493025383032243
9,0.3,100,0.8,10,0.05,0.8489439853076217
9,0.3,100,0.8,10,0.1,0.847651775486827
9,0.3,100,0.8,10,0.5,0.8464007336084365
9,0.3,100,0.8,15,0.0,0.8256340579710145
9,0.3,100,0.8,15,0.05,0.8245931283905967
9,0.3,100,0.8,15,0.1,0.8241683638832314
9,0.3,100,0.8,15,0.5,0.8223281143635126
9,0.3,100,1.0,5,0.0,0.8945908460471568
9,0.3,100,1.0,5,0.05,0.8957367933271547
9,0.3,100,1.0,5,0.1,0.8942374450358713
9,0.3,100,1.0,5,0.5,0.8893499308437067
9,0.3,100,1.0,10,0.0,0.8604651162790697
9,0.3,100,1.0,10,0.05,0.8608517421999544
9,0.3,100,1.0,10,0.1,0.8591002511989039
9,0.3,100,1.0,10,0.5,0.8557779799818016
9,0.3,100,1.0,15,0.0,0.8380041011619959
9,0.3,100,1.0,15,0.05,0.837874659400545
9,0.3,100,1.0,15,0.1,0.8374630597863151
9,0.3,100,1.0,15,0.5,0.8365036231884058
9,0.3,150,0.6,5,0.0,0.8839574664817383
9,0.3,150,0.6,5,0.05,0.885276358569438
9,0.3,150,0.6,5,0.1,0.8833563854310742
9,0.3,150,0.6,5,0.5,0.8744808491001385
9,0.3,150,0.6,10,0.0,0.8404936014625228
9,0.3,150,0.6,10,0.05,0.8393100317748525
9,0.3,150,0.6,10,0.1,0.8399726838151604
9,0.3,150,0.6,10,0.5,0.8323150033944331
9,0.3,150,0.6,15,0.0,0.8168249660786974
9,0.3,150,0.6,15,0.05,0.8179765130984643
9,0.3,150,0.6,15,0.1,0.8176919622810956
9,0.3,150,0.6,15,0.5,0.8188619360689187
9,0.3,150,0.8,5,0.0,0.9038416763678696
9,0.3,150,0.8,5,0.05,0.9002320185614849
9,0.3,150,0.8,5,0.1,0.9020881670533643
9,0.3,150,0.8,5,0.5,0.8988607300627761
9,0.3,150,0.8,10,0.0,0.8629791140693137
9,0.3,150,0.8,10,0.05,0.86368843069874
9,0.3,150,0.8,10,0.1,0.8592999313658202
9,0.3,150,0.8,10,0.5,0.8605614358030372
9,0.3,150,0.8,15,0.0,0.837622409473924
9,0.3,150,0.8,15,0.05,0.8367022484669544
9,0.3,150,0.8,15,0.1,0.8338614757808963
9,0.3,150,0.8,15,0.5,0.8319746376811594
9,0.3,150,1.0,5,0.0,0.9076099604375145
9,0.3,150,1.0,5,0.05,0.9087098276665114
9,0.3,150,1.0,5,0.1,0.9075669383003493
9,0.3,150,1.0,5,0.5,0.9019516728624535
9,0.3,150,1.0,10,0.0,0.8774104683195593
9,0.3,150,1.0,10,0.05,0.8764044943820225
9,0.3,150,1.0,10,0.1,0.8776448942042319
9,0.3,150,1.0,10,0.5,0.8714776632302406
9,0.3,150,1.0,15,0.0,0.8560970029741478
9,0.3,150,1.0,15,0.05,0.8538198403648802
9,0.3,150,1.0,15,0.1,0.8540195855158278
9,0.3,150,1.0,15,0.5,0.8486363636363636
9,0.3,250,0.6,5,0.0,0.9
9,0.3,250,0.6,5,0.05,0.9012432559230589
9,0.3,250,0.6,5,0.1,0.899416569428238
9,0.3,250,0.6,5,0.5,0.8955223880597015
9,0.3,250,0.6,10,0.0,0.8610729023383769
9,0.3,250,0.6,10,0.05,0.8606839568510443
9,0.3,250,0.6,10,0.1,0.860165593376265
9,0.3,250,0.6,10,0.5,0.8551818805765271
9,0.3,250,0.6,15,0.0,0.8305162174508908
9,0.3,250,0.6,15,0.05,0.8340950639853748
9,0.3,250,0.6,15,0.1,0.8327256153144941
9,0.3,250,0.6,15,0.5,0.832915431958058
9,0.3,250,0.8,5,0.0,0.915707912655553
9,0.3,250,0.8,5,0.05,0.916080637599625
9,0.3,250,0.8,5,0.1,0.9130536676822123
9,0.3,250,0.8,5,0.5,0.9103254507141185
9,0.3,250,0.8,10,0.0,0.8833873206848681
9,0.3,250,0.8,10,0.05,0.8839037927844589
9,0.3,250,0.8,10,0.1,0.881958881958882
9,0.3,250,0.8,10,0.5,0.8800184586986618
9,0.3,250,0.8,15,0.0,0.8545371637026904
9,0.3,250,0.8,15,0.05,0.8562256363219445
9,0.3,250,0.8,15,0.1,0.8525932666060054
9,0.3,250,0.8,15,0.5,0.8531150522964984
9,0.3,250,1.0,5,0.0,0.921232071478956
9,0.3,250,1.0,5,0.05,0.9211207911466918
9,0.3,250,1.0,5,0.1,0.9201503053076562
9,0.3,250,1.0,5,0.5,0.9187793427230047
9,0.3,250,1.0,10,0.0,0.8950046253469011
9,0.3,250,1.0,10,0.05,0.8966951698636468
9,0.3,250,1.0,10,0.1,0.8977035490605428
9,0.3,250,1.0,10,0.5,0.8896567611149505
9,0.3,250,1.0,15,0.0,0.8740842490842491
9,0.3,250,1.0,15,0.05,0.8732523493009398
9,0.3,250,1.0,15,0.1,0.8714187485674995
9,0.3,250,1.0,15,0.5,0.8690476190476191
